timestamp,obs_ws_ms,obs_power_kw,fcst_ws_ms,fcst_power_kw,date,fcst_ws_raw_ms,fcst_power_raw_kw
2022-07-05 11:45:00+00:00,8.546775575790038,0.1541065110289073,7.2325311312129905,15.248509386291463,2022-07-05,6.3175,11.931882146119246
2022-07-05 12:00:00+00:00,9.507889699103176,18.804081568807096,6.890679892969127,14.084600176410108,2022-07-05,5.95,10.543217352140466
2022-07-05 12:15:00+00:00,9.500076242417496,19.875138251670094,7.053466196894776,14.642581810456397,2022-07-05,6.125,11.201463994083497
2022-07-05 12:30:00+00:00,9.06158902432237,22.364874768469974,7.216252500820426,15.19329778792419,2022-07-05,6.300000000000001,11.86467273879604
2022-07-05 12:45:00+00:00,9.257652420701168,23.19539535440623,7.3790388047460755,15.749828361759421,2022-07-05,6.4750000000000005,12.542929670814615
2022-07-05 13:00:00+00:00,9.94008873353052,24.0268253193466,7.541825108671724,16.306157747661793,2022-07-05,6.65,13.215600978739309
2022-07-05 13:30:00+00:00,8.238150891089107,18.91532951601952,7.774376971422652,17.062308982285646,2022-07-05,6.9,14.116987688823016
2022-07-05 13:45:00+00:00,8.67952181243414,23.288910366949423,7.890652902798116,17.422458797108586,2022-07-05,7.025,14.545928576111091
2022-08-08 09:30:00+00:00,5.271110244264883,6.429831054814503,4.751202755660592,6.3749091629354515,2022-08-08,3.65,3.326384257811205
2022-08-08 09:45:00+00:00,5.408979756491125,7.641933802656814,4.769806904680666,6.434283929526298,2022-08-08,3.67,3.396752679226008
2022-08-11 07:15:00+00:00,4.0658887159533075,2.5441009257898832,4.616322675265054,5.931477037487705,2022-08-11,3.505,2.7528559530070917
2022-08-11 07:30:00+00:00,3.963935422066945,2.155257443852355,4.583765414479924,5.822525135657195,2022-08-11,3.47,2.598387015010562
2022-08-11 07:45:00+00:00,3.8665044577727343,1.4040123946172005,4.551208153694794,5.713682481299182,2022-08-11,3.435,2.4379564868460784
2022-08-11 08:15:00+00:00,4.096187928501469,2.415215553491074,4.551208153694794,5.713682481299182,2022-08-11,3.435,2.4379564868460784
2022-08-11 08:30:00+00:00,4.236348807472064,2.685527245129449,4.583765414479924,5.822525135657195,2022-08-11,3.47,2.598387015010564
2022-08-11 08:45:00+00:00,3.811940833008953,1.79000120463763,4.616322675265054,5.931477037487705,2022-08-11,3.505,2.7528559530070917
2022-08-11 09:00:00+00:00,4.094619079386257,1.9990472582361465,4.648879936050184,6.0401207899704605,2022-08-11,3.54,2.9012301142717054
2022-08-11 09:15:00+00:00,3.869085925068711,1.8828280060161289,4.686088234090332,6.163372316635981,2022-08-11,3.58,3.063166740802848
2022-08-11 09:30:00+00:00,4.120505391569546,2.46267505745116,4.7232965321304805,6.28505313818421,2022-08-11,3.62,3.2167700755634376
2022-08-11 09:45:00+00:00,3.981906039372706,2.0137286398876943,4.760504830170629,6.404618398018487,2022-08-11,3.66,3.3618413094550865
2022-08-11 10:00:00+00:00,4.575637089618456,3.881168007233696,4.797713128210778,6.523050013253831,2022-08-11,3.7,3.4981816333794047
2022-08-11 10:15:00+00:00,4.38749174403736,3.4527781618759663,4.762830348798138,6.412038754235868,2022-08-11,3.6625,3.37062043091685
2022-08-11 10:30:00+00:00,4.083326327495135,2.7803811593775367,4.727947569385499,6.300121769715239,2022-08-11,3.625,3.235374656205877
2022-08-11 10:45:00+00:00,3.9129979984432337,2.3183798803350384,4.69306478997286,6.186325900129294,2022-08-11,3.5875,3.092608122895669
2022-08-11 11:00:00+00:00,3.62299388277166,1.4923033178585474,4.65818201056022,6.071046852031769,2022-08-11,3.55,2.942484644635411
2022-08-11 11:15:00+00:00,3.9049675158527086,2.057654593577384,4.679111678207804,6.140363513040891,2022-08-11,3.5725,3.0334323914212167
2022-08-11 11:30:00+00:00,3.608636115900117,1.510473916843852,4.700041345855388,6.20922015648214,2022-08-11,3.595,3.1217552271904876
2022-08-11 11:45:00+00:00,3.304979144652689,0.8174031815406374,4.720971013502972,6.277505892311077,2022-08-11,3.6175,3.207417768195
2022-08-11 12:00:00+00:00,3.0634295884315907,0.544912337853921,4.741900681150555,6.345109830483246,2022-08-11,3.64,3.2903846306865288
2022-08-11 12:15:00+00:00,3.0591210368227832,0.4674688778574257,4.727947569385499,6.300121769715239,2022-08-11,3.625,3.235374656205877
2022-08-11 12:30:00+00:00,3.6525717304270464,1.570282459009464,4.713994457620443,6.254814259611715,2022-08-11,3.61,3.1791613603493465
2022-08-11 12:45:00+00:00,4.029122157588577,2.2147393696714435,4.700041345855388,6.20922015648214,2022-08-11,3.595,3.121755227190489
2022-08-25 08:15:00+00:00,3.4199391812865496,0.058881493161497,4.290750067413755,4.896961773874789,2022-08-25,3.155,0.955877403158966
2022-08-25 08:30:00+00:00,3.930191933240612,1.818766726466576,4.304703179178811,4.936345198757363,2022-08-25,3.1700000000000004,1.0436091826877625
2022-08-25 08:45:00+00:00,4.00203760151296,2.28497965446543,4.318656290943866,4.976405815691541,2022-08-25,3.185,1.130455657738296
2022-08-25 09:00:00+00:00,4.975564989984421,4.0369262488497935,4.332609402708922,5.017110768367863,2022-08-25,3.2,1.2164063442370256
2022-08-25 09:15:00+00:00,4.916578660436137,4.446600896776729,4.209356915450931,4.683567583780413,2022-08-25,3.0675000000000003,0.4270096797247876
2022-08-25 09:30:00+00:00,4.900712290658209,5.187018578097701,4.086104428192939,4.414899378790403,2022-08-25,2.935,0.0
2022-08-25 09:45:00+00:00,5.013966840992545,5.763723338048842,3.9628519409349474,4.1703839613469995,2022-08-25,2.8025,0.0
2022-08-25 10:00:00+00:00,3.840380708683318,2.100487786846749,3.8395994536769553,3.8990987551693355,2022-08-25,2.67,0.0
2022-08-25 10:15:00+00:00,3.5643274453521747,1.5303249728955175,3.786112525244242,3.760187266282159,2022-08-25,2.6125,0.0
2022-08-25 11:30:00+00:00,2.0700359328067637,0.10733163594189,3.4163550634702666,2.3501052429233265,2022-08-25,2.215,0.0
2022-08-25 11:45:00+00:00,2.434943702714731,0.1609764901877725,3.3117067252323493,1.8272770461598284,2022-08-25,2.1025,0.0
2022-08-25 12:00:00+00:00,3.222270865791231,0.9206882118058646,3.207058386994432,1.2565383013747207,2022-08-25,1.99,0.0
2022-08-25 12:15:00+00:00,3.3507074595316237,1.0425632265379374,3.3512405419000073,2.0306130486728073,2022-08-25,2.145,0.0
2022-08-25 12:30:00+00:00,3.4505954487286488,1.304458333153942,3.4954226968055817,2.7111875793379054,2022-08-25,2.3,0.0
2022-08-25 12:45:00+00:00,3.3594893292682926,1.1078337395510671,3.639604851711158,3.2889510114709184,2022-08-25,2.455,0.0
2022-08-31 08:00:00+00:00,1.9401681766704415,2.3543812858372877,3.6907662615163614,3.4674938766763423,2022-08-31,2.51,0.0
2022-08-31 08:15:00+00:00,2.2390432315139375,2.269135646795421,3.7163469664189632,3.551341311237231,2022-08-31,2.5374999999999996,0.0
2022-08-31 08:30:00+00:00,3.0735313463514906,2.0863284580569377,3.741927671321566,3.6315034152930283,2022-08-31,2.565,0.0
2022-08-31 12:30:00+00:00,5.5801105876518715,5.795935603349616,3.500073734060601,2.7314798676196426,2022-08-31,2.305,0.0
2022-08-31 12:45:00+00:00,5.690677868031601,7.459283298266496,3.6791386683788154,3.4281771796494973,2022-08-31,2.4975,0.0
2022-08-31 13:00:00+00:00,5.818175320296696,8.339570372412737,3.8582036026970297,3.943774089077735,2022-08-31,2.69,0.0
2022-09-07 08:45:00+00:00,4.867879092326347,4.508402576514685,4.286099030158737,4.883990131571482,2022-09-07,3.1500000000000004,0.9264385543829609
2022-09-07 09:00:00+00:00,4.720561925825111,4.503353270455682,4.332609402708922,5.017110768367863,2022-09-07,3.2,1.2164063442370256
2022-09-12 16:00:00+00:00,9.038058522069765,3.12056491632142,7.225554575330462,15.22483810813627,2022-09-12,6.31,11.903049628870264
2022-09-12 16:15:00+00:00,8.53576461313211,8.730187965395872,7.099976569444961,14.800057686359677,2022-09-12,6.175,11.390356250829404
2022-09-12 16:45:00+00:00,8.25792662430826,10.9040638478033,6.848820557673959,13.938240354567949,2022-09-12,5.904999999999999,10.374924240279382
2022-09-13 11:30:00+00:00,6.47900874217119,9.130916859284486,8.48598567144049,19.059664820121224,2022-09-13,7.665,16.71507335999807
2022-09-13 12:00:00+00:00,9.984449709060682,15.032467052140357,8.806907242036772,19.63924098757704,2022-09-13,8.01,17.782175442845904
2022-09-13 12:15:00+00:00,9.540561358263483,21.523608977432826,8.730165127328965,19.547338458051353,2022-09-13,7.927499999999999,17.534917445635095
2022-09-13 12:30:00+00:00,9.998909489051094,21.32445991309489,8.65342301262116,19.426247772578815,2022-09-13,7.845,17.281823672929324
2022-09-14 13:30:00+00:00,9.647085441459415,21.269912648556563,8.816209316546807,19.65004223559066,2022-09-14,8.02,17.811636541665564
2022-09-15 08:00:00+00:00,6.83509311657578,13.148234033398584,5.058171214491816,7.349539766564845,2022-09-15,3.98,4.204848466855733
2022-09-15 08:15:00+00:00,6.602164853182292,10.650204863969297,4.8814317988011116,6.788015696610567,2022-09-15,3.79,3.7708666300809313
2022-09-15 10:45:00+00:00,6.874999112163362,10.610777598593277,5.255840297830105,8.003284114453152,2022-09-15,4.1925,4.64352981671364
2022-09-15 11:00:00+00:00,6.8452814204608705,14.792308920827118,5.300025151752782,8.155995251766258,2022-09-15,4.24,4.760037264105453
2022-09-15 11:15:00+00:00,6.6065576088166535,13.486151416182231,5.397696934108171,8.502149128607275,2022-09-15,4.345000000000001,5.053771077564605
2022-09-15 11:30:00+00:00,6.501071118530885,12.347113246766837,5.4953687164635605,8.857229519339372,2022-09-15,4.45,5.380568736998113
2022-09-15 11:45:00+00:00,6.2078628195111065,10.149102801952784,5.593040498818951,9.217699653561784,2022-09-15,4.555000000000001,5.726339953867248
2022-09-20 11:30:00+00:00,4.544552073515551,3.2575566296369316,4.248890732118588,4.783204379232643,2022-09-20,3.11,0.6874750784385005
2022-09-20 11:45:00+00:00,5.219566458982347,6.114185438580199,4.2349376203535325,4.747051119837959,2022-09-20,3.095,0.5963069217321484
2022-09-20 12:15:00+00:00,4.899369565217391,4.231931003810601,4.2465652134910785,4.77709947755774,2022-09-20,3.1075,0.6723386697544109
2022-09-20 12:30:00+00:00,5.018599466758407,6.055322479772056,4.27214591839368,4.845560739239111,2022-09-20,3.135,0.8375426774420047
2022-09-22 08:00:00+00:00,5.18778818061089,4.35440145191396,4.946546320371371,6.993842866055575,2022-09-22,3.86,3.94800065900194
2022-09-22 08:15:00+00:00,5.923989291495455,8.239650999329893,4.988405655666538,7.126602152436612,2022-09-22,3.905,4.049488461651515
2022-09-22 08:30:00+00:00,5.734109473215775,8.448381158782276,5.030264990961705,7.260049686312313,2022-09-22,3.95,4.144221672502295
2022-09-22 08:45:00+00:00,5.964648570475025,9.584828793048004,5.072124326256872,7.394474431030362,2022-09-22,3.995,4.234678631245084
2022-09-22 09:00:00+00:00,5.771360885526755,8.805713626039104,5.113983661552039,7.5301653499384456,2022-09-22,4.04,4.323337677570688
2022-09-22 09:15:00+00:00,5.777208321744451,8.744939712309394,5.01631187919665,7.2154728658328775,2022-09-22,3.935,4.113241461820371
2022-09-22 09:30:00+00:00,6.034595571873609,9.552680758280095,4.91864009684126,6.905576336904671,2022-09-22,3.83,3.8753657014506433
2022-09-22 09:45:00+00:00,6.000550653685675,9.788982414521278,4.82096831448587,6.596804858403632,2022-09-22,3.725,3.5788723325872027
2022-09-22 10:00:00+00:00,5.61184769427602,7.903338150715358,4.7232965321304805,6.28505313818421,2022-09-22,3.62,3.2167700755634376
2022-09-22 10:15:00+00:00,5.294175203796082,6.7050756835533525,4.639577861540146,6.009135499650534,2022-09-22,3.53,2.8594671787409873
2022-09-23 09:30:00+00:00,6.4959480287737685,12.302019750343613,6.062795261575824,10.966901186018262,2022-09-23,5.06,7.355421564151328
2022-09-23 09:45:00+00:00,6.191552081014912,10.40051424020977,6.151164969421177,11.300277239972845,2022-09-23,5.155,7.664630209756608
2022-09-23 10:00:00+00:00,6.484205667835867,11.791533307938645,6.239534677266529,11.634500331613387,2022-09-23,5.25,7.983307211265227
2022-09-23 10:15:00+00:00,6.543885580722355,10.923998231165008,6.232558121384001,11.608092414757605,2022-09-23,5.2425,7.957725615797464
2022-09-23 10:30:00+00:00,6.41080974904012,12.513476838446108,6.225581565501472,11.581687579562502,2022-09-23,5.234999999999999,7.932222424456386
2022-09-23 10:45:00+00:00,6.487402528882016,12.501243879404166,6.218605009618946,11.55528601439895,2022-09-23,5.2275,7.906795975171017
2022-09-28 08:00:00+00:00,7.911191958813435,4.065703758549742,7.653450002792169,16.677439549263347,2022-09-28,6.77,13.657990021317964
2022-09-28 08:15:00+00:00,7.355999554813579,6.953303182711074,7.916233607700718,17.500645889926272,2022-09-28,7.0525,14.63930528180129
2022-09-28 08:30:00+00:00,7.2015217354887335,15.18106972231083,8.179017212609267,18.260593346081066,2022-09-28,7.335,15.598496928055969
2022-09-28 09:00:00+00:00,8.998807304180682,0.8745008322463262,8.704584422426363,19.51113980511032,2022-09-28,7.9,17.45108511911151
2022-09-28 09:15:00+00:00,10.221628038942976,7.199837133832083,8.6138891959535,19.35053224186259,2022-09-28,7.8025,17.149934129975982
2022-09-28 09:30:00+00:00,10.067320692389004,18.089879185529995,8.523193969480639,19.15015105357738,2022-09-28,7.705,16.844015700024507
2022-09-30 13:15:00+00:00,7.853846879691186,18.36715096109536,5.465136974305939,8.74658276671378,2022-09-30,4.4174999999999995,5.276736479310836
2022-09-30 13:30:00+00:00,7.588423189713513,14.928487116571183,5.425603157638282,8.602844469311556,2022-09-30,4.375,5.144389348198428
2022-10-12 14:45:00+00:00,7.545370336250576,12.98886546044559,6.727893589043478,13.505234733019282,2022-10-12,5.775,9.89171008086555
2022-10-12 15:00:00+00:00,7.285026116914869,17.15323011354579,6.806961222378793,13.790235033825871,2022-10-12,5.86,10.20712730291215
2022-10-12 15:15:00+00:00,8.004659209900048,21.39783951721561,6.637198362570616,13.167245805459325,2022-10-12,5.6775,9.53103070234366
2022-10-20 10:30:00+00:00,4.557893817204301,4.2000113075310885,4.383770812514126,5.171343937566406,2022-10-20,3.255,1.5237254648721588
2022-10-20 12:15:00+00:00,5.645371135196806,5.738072421858898,4.239588657608551,4.758976600973389,2022-10-20,3.1,0.6267893677119061
2022-10-31 10:15:00+00:00,5.213556310514693,5.344364918296732,5.086077438021928,7.439549781516995,2022-10-31,4.01,4.264309027588082
2022-10-31 10:30:00+00:00,5.268156232625375,6.633619011800234,5.039567065471743,7.2898272276502185,2022-10-31,3.96,4.164605514039201
2022-10-31 10:45:00+00:00,5.004411738550467,5.624083121941807,4.993056692921557,7.141390383560737,2022-10-31,3.91,4.060302605484792
2022-10-31 11:00:00+00:00,4.8252936354869815,5.057800647598601,4.946546320371371,6.993842866055575,2022-10-31,3.86,3.94800065900194
2022-10-31 11:45:00+00:00,4.379330537183417,0.5601408854102556,4.7232965321304805,6.28505313818421,2022-10-31,3.62,3.2167700755634376
2022-10-31 12:00:00+00:00,4.468384152604549,1.6267850915470432,4.648879936050184,6.0401207899704605,2022-10-31,3.54,2.9012301142717054
2022-10-31 12:15:00+00:00,4.316704774535809,1.8896753933640984,4.634926824285128,5.993623686144471,2022-10-31,3.525,2.8383960297855517
2022-11-02 09:00:00+00:00,9.717050228310503,0.2715466870751466,8.909230061647179,19.753688907227993,2022-11-02,8.12,18.098709470229476
2022-11-02 09:15:00+00:00,9.67627138704319,1.8765587898787648,8.741792720466512,19.56229695766157,2022-11-02,7.94,17.57281393119053
2022-11-02 09:30:00+00:00,9.53823215974192,7.2418501422392065,8.574355379285844,19.2672594608927,2022-11-02,7.76,17.017441661054384
2022-11-02 09:45:00+00:00,9.779376767523187,6.5591834110046,8.406918038105175,18.857291786734194,2022-11-02,7.58,16.434495852652205
2022-11-02 10:00:00+00:00,10.597009640453528,10.415546583929563,8.239480696924508,18.419534306691904,2022-11-02,7.4,15.821881048693776
2022-11-02 10:15:00+00:00,9.440334872336877,8.904559132610519,8.19994688025685,18.31644899783298,2022-11-02,7.3575,15.675790173349547
2022-11-02 10:30:00+00:00,9.72598118231848,10.49718842361885,8.160413063589193,18.210239920735585,2022-11-02,7.315,15.529875251964782
2022-11-02 10:45:00+00:00,9.960934888579388,15.80117129091748,8.120879246921534,18.101165901325288,2022-11-02,7.2725,15.384486668457368
2022-11-02 11:30:00+00:00,9.034150603433623,10.43858345870749,8.151110989079156,18.184823603158858,2022-11-02,7.305,15.495605841472324
2022-11-02 11:45:00+00:00,9.643939498178876,11.6691230404149,8.185993768491794,18.279306805961564,2022-11-02,7.3425,15.62425265432173
2022-11-02 12:00:00+00:00,10.043864934231634,3.5784031489445423,8.220876547904433,18.37142912976719,2022-11-02,7.38,15.753132734458754
2022-11-02 12:15:00+00:00,10.138491818999102,10.463306047464116,8.002277796918563,17.75934244847261,2022-11-02,7.1450000000000005,14.952242138524804
2022-11-02 12:30:00+00:00,9.863099066988154,10.157939231518093,7.783679045932689,17.091315674569977,2022-11-02,6.91,14.151663256464165
2022-11-02 12:45:00+00:00,9.589642948992712,17.52892770093656,7.565080294946817,16.384483369306718,2022-11-02,6.675000000000001,13.309465780972692
2022-11-02 13:00:00+00:00,9.89531417208966,13.015558088833282,7.346481543960945,15.637929575713459,2022-11-02,6.44,12.4067509432222
2022-11-02 13:15:00+00:00,9.14381818181818,9.26164356083004,7.5162444037691225,16.21953710834326,2022-11-02,6.6225000000000005,13.111503856132977
2022-11-02 13:30:00+00:00,9.703078284092806,19.194612749564197,7.6860072635773,16.783070580966704,2022-11-02,6.805000000000001,13.783256245112002
2022-11-02 13:45:00+00:00,9.385152767527677,12.75594503932184,7.855770123385477,17.315112302323072,2022-11-02,6.9875,14.418136623020017
2022-11-08 10:00:00+00:00,8.289647699951916,2.4626763004298167,6.667430104728236,13.28112682575246,2022-11-08,5.71,9.651485235471377
2022-11-08 10:15:00+00:00,7.7925246781115876,2.334150945448932,6.686034253748311,13.35063804068638,2022-11-08,5.73,9.725488305150456
2022-11-08 11:00:00+00:00,7.643453128045215,4.573498986064811,6.741846700808533,13.556157162346805,2022-11-08,5.79,9.947215152627091
2022-11-11 13:30:00+00:00,10.012124023340917,5.696379715587711,9.276662004793646,19.97630006149022,2022-11-11,8.515,19.13056490553218
2022-11-11 13:45:00+00:00,9.892800244893415,10.571318874369538,9.074341884200338,19.90223543381805,2022-11-11,8.2975,18.569042708711848
2022-11-11 14:00:00+00:00,9.223095066694896,16.912368057528116,8.87202176360703,19.713371133254395,2022-11-11,8.08,17.985642255979045
2022-11-24 09:00:00+00:00,8.894245927248383,25.051496378066577,8.239480696924508,18.419534306691904,2022-11-24,7.4,15.821881048693776
2022-11-24 13:45:00+00:00,6.94803671189146,17.591283022114926,7.751121785147559,16.98971785945844,2022-11-24,6.875,14.029953556243347
2022-11-24 14:00:00+00:00,6.728961564703207,14.315350419642938,7.681356226322281,16.76806774476173,2022-11-24,6.8,13.765445430493678
2022-11-25 12:15:00+00:00,6.621952928416486,17.06085112950346,7.681356226322281,16.76806774476173,2022-11-25,6.8,13.765445430493678
2022-11-25 12:30:00+00:00,6.797361063226381,17.973175408946393,7.58833548122191,16.462349279830537,2022-11-25,6.7,13.402506539043651
2022-11-25 12:45:00+00:00,6.931815350389321,19.426870950678143,7.495314736121538,16.14835698419926,2022-11-25,6.6,13.025754267702272
2022-11-25 13:00:00+00:00,6.2085644990821605,14.332233659823885,7.402293991021168,15.829764668917743,2022-11-25,6.5,12.640077600766023
2022-11-25 13:15:00+00:00,7.07379375938595,20.83567713818288,7.402293991021168,15.829764668917743,2022-11-25,6.5,12.640077600766023
2022-11-25 13:30:00+00:00,6.8956552491103205,17.779955262449956,7.402293991021168,15.829764668917743,2022-11-25,6.5,12.640077600766023
2022-11-25 13:45:00+00:00,6.943518464961068,19.32426072438153,7.402293991021168,15.829764668917743,2022-11-25,6.5,12.640077600766023
2022-11-25 14:00:00+00:00,7.480920031142253,22.84486165406796,7.402293991021168,15.829764668917743,2022-11-25,6.5,12.640077600766023
2022-11-25 14:15:00+00:00,7.323381381381381,21.427863929362697,7.4255491772962605,15.909643088038543,2022-11-25,6.525,12.737022781909744
2022-11-25 14:30:00+00:00,6.891743854966077,17.825607051160606,7.448804363571353,15.989406215824163,2022-11-25,6.55,12.83367645776652
2022-11-25 14:45:00+00:00,6.731550548815714,14.080730069907858,7.472059549846446,16.068996648976952,2022-11-25,6.575,12.929949871857112
2022-12-14 11:00:00+00:00,7.261970172684459,14.300824948130286,7.867397716523023,17.350978546883375,2022-12-14,7.0,14.460801809889174
2022-12-14 11:15:00+00:00,6.955127557160049,14.750199616486162,7.820887343972838,17.207088113625307,2022-12-14,6.95,14.289657695899194
2023-01-05 11:45:00+00:00,5.843829467303882,24.124599274607775,7.309273245920797,15.510246145035842,2023-01-05,6.4,12.25115695290669
2023-01-05 12:00:00+00:00,4.62689545429255,21.32883649657208,7.309273245920797,15.510246145035842,2023-01-05,6.4,12.25115695290669
2023-01-05 12:15:00+00:00,4.460020031159582,21.96429553498275,7.076721383169869,14.721373456435588,2023-01-05,6.15,11.295876024699064
2023-01-05 12:30:00+00:00,3.2556640507597265,12.316727216568264,6.844169520418942,13.921880936817608,2023-01-05,5.9,10.356254709114502
2023-01-05 12:45:00+00:00,3.259045510181373,12.34308394910376,6.611617657668013,13.070090737444643,2023-01-05,5.65,9.428998176225688
2023-01-05 13:00:00+00:00,3.0776063658115853,10.309577883342383,6.379065794917086,12.169858412102238,2023-01-05,5.4,8.510432929067296
2023-01-05 13:15:00+00:00,2.889343275276835,10.42438730287992,6.216279490991437,11.54648625190937,2023-01-05,5.2250000000000005,7.898337258594523
2023-01-05 13:30:00+00:00,2.8218123052959503,8.600774521061249,6.053493187065786,10.931873871277922,2023-01-05,5.05,7.323286186119891
2023-01-05 13:45:00+00:00,3.126113022113022,7.5313026067755935,5.890706883140138,10.321571592087988,2023-01-05,4.875,6.767695901826809
2023-01-10 12:45:00+00:00,7.176519971367215,15.167426864431611,6.425576167467272,12.35062236386757,2023-01-10,5.45,8.691408995699454
2023-01-10 13:00:00+00:00,6.505770869250876,13.1153006320644,6.565107285117827,12.891904793973204,2023-01-10,5.6,9.24349708570647
2023-01-10 13:15:00+00:00,6.910166036476869,14.86589554849922,6.565107285117827,12.891904793973204,2023-01-10,5.6,9.24349708570647
2023-01-10 13:30:00+00:00,6.7678180503809156,14.536583444053829,6.565107285117827,12.891904793973204,2023-01-10,5.6,9.24349708570647
2023-01-10 13:45:00+00:00,7.021160698398576,16.285338361570282,6.565107285117827,12.891904793973204,2023-01-10,5.6,9.24349708570647
2023-01-10 14:00:00+00:00,6.63650814839535,13.296513088726291,6.565107285117827,12.891904793973204,2023-01-10,5.6,9.24349708570647
2023-01-10 14:15:00+00:00,6.632822037603847,14.275787022847616,6.402320981192178,12.26017807138156,2023-01-10,5.425,8.600660937672908
2023-01-18 12:00:00+00:00,10.386506640602542,26.125798777717197,10.751040814634527,19.994011669548065,2023-01-18,10.1,19.994011669548065
2023-01-18 12:15:00+00:00,10.689680714817571,28.689663870825544,10.378957834233042,19.994011669548065,2023-01-18,9.7,19.993798510929985
2023-01-18 12:30:00+00:00,11.496040121212122,17.20756312497256,10.00687485383156,19.994011669548065,2023-01-18,9.3,19.97793421442027
2023-01-18 12:45:00+00:00,10.525096423825756,23.67599814671067,9.634791873430075,19.99289267350398,2023-01-18,8.9,19.743859507977813
2023-01-24 08:15:00+00:00,8.342513071895425,19.63678695872979,8.611563677325991,19.3458318040371,2023-01-24,7.8,17.142154003639515
2023-01-24 08:30:00+00:00,8.141089675122386,23.418844692251888,8.518542932225621,19.13905889465147,2023-01-24,7.7,16.828022177379292
2023-01-24 08:45:00+00:00,8.15728581761531,23.009631121725366,8.42552218712525,18.905802655304182,2023-01-24,7.6,16.501214725931288
2023-01-24 09:00:00+00:00,8.327326546506454,23.961153557312528,8.33250144202488,18.661044664345997,2023-01-24,7.5,16.164312905185106
2023-01-24 09:15:00+00:00,9.185506788990828,28.53410265046605,8.448777373400343,18.965780222258854,2023-01-24,7.625,16.58404123019441
2023-02-01 11:45:00+00:00,8.108538500251635,18.197168698824807,10.820806373459806,19.994011669548065,2023-02-01,10.175,19.994011669548065
2023-02-01 12:00:00+00:00,7.591582730610883,20.556357734854792,11.309165285236753,19.994011669548065,2023-02-01,10.7,19.994011669548065
2023-02-01 12:15:00+00:00,7.073593167529071,17.483632314756026,10.913827118560176,19.994011669548065,2023-02-01,10.275,19.994011669548065
2023-02-01 12:30:00+00:00,6.862587397068271,15.319067171505369,10.5184889518836,19.994011669548065,2023-02-01,9.85,19.994011669548065
2023-02-01 12:45:00+00:00,6.973172759138708,16.20043549377021,10.123150785207024,19.994011669548065,2023-02-01,9.425,19.985431879675907
2023-02-01 13:00:00+00:00,5.570876328233657,8.513842645928678,9.727812618530445,19.993969495190637,2023-02-01,9.0,19.842688574982184
2023-02-01 13:15:00+00:00,5.972054383358098,10.54109103782318,8.68132923615127,19.474519445062363,2023-02-01,7.875,17.37438454111476
2023-02-01 13:30:00+00:00,6.022135473515249,9.551052053781875,7.634845853772095,16.61647235432426,2023-02-01,6.75,13.585760896781336
2023-02-01 13:45:00+00:00,6.22232090797819,11.529900380639258,6.58836247139292,12.98122120783063,2023-02-01,5.625,9.336224841683606
2023-02-01 14:00:00+00:00,5.505990431154381,8.083641510443394,5.5418790890137455,9.028426820138485,2023-02-01,4.5,5.543714629067612
2023-02-01 14:15:00+00:00,6.442996995326062,12.95810006659192,5.565134275288839,9.114364438494897,2023-02-01,4.525,5.626428512244545
2023-02-01 14:30:00+00:00,4.358982419049739,3.9234424687075777,5.588389461563931,9.200464385588168,2023-02-01,4.55,5.709651041196828
2023-02-01 14:45:00+00:00,4.768970344405497,5.6280510434232465,5.611644647839024,9.286678923992538,2023-02-01,4.575,5.7931932316848895
2023-02-01 15:00:00+00:00,4.0911030485186775,3.1669297275064405,5.634899834114116,9.372960316282223,2023-02-01,4.6,5.876866099469147
2023-02-21 07:15:00+00:00,8.316917899929528,18.219169250085788,9.19294333420331,19.963311397444503,2023-02-21,8.424999999999999,18.904446752169633
2023-02-21 07:30:00+00:00,7.835810644063888,10.502694273831402,8.93713628517729,19.78262287856355,2023-02-21,8.15,18.181777572758342
2023-03-03 10:45:00+00:00,3.9525957711442783,2.098326544433665,4.146567912508179,4.5405193335446405,2023-03-03,3.0,0.0
2023-03-03 11:00:00+00:00,4.087936266058618,2.6292084429140203,4.332609402708922,5.017110768367863,2023-03-03,3.2,1.2164063442370256
2023-03-03 11:15:00+00:00,4.699250152973243,4.636673350312344,4.634926824285128,5.993623686144471,2023-03-03,3.525,2.8383960297855517
2023-03-03 11:30:00+00:00,6.088638780732006,10.80195179879397,4.937244245861334,6.964405200023678,2023-03-03,3.85,3.9242812165767407
2023-03-03 11:45:00+00:00,6.840678531701891,15.72423265547831,5.23956166743754,7.947724785279713,2023-03-03,4.175,4.603310738952444
2023-03-03 12:00:00+00:00,6.857936718011455,15.922463032020795,5.5418790890137455,9.028426820138485,2023-03-03,4.5,5.543714629067612
2023-03-03 12:15:00+00:00,6.571475,15.863405329588236,5.820941324314859,10.061925910630084,2023-03-03,4.8,6.530310718441107
2023-04-06 10:45:00+00:00,7.964106658330728,19.124135413062955,8.16971513809923,18.235497625589105,2023-04-06,7.325,15.56417380227051
2023-04-06 11:00:00+00:00,9.817000416077224,22.786059024968537,9.169688147928218,19.955146715510004,2023-04-06,8.4,18.839159619372232
2023-04-06 11:15:00+00:00,9.482762929867317,19.39366468925543,9.076667402827848,19.903862721283033,2023-04-06,8.3,18.575580652791707
2023-04-06 11:30:00+00:00,9.174572112174491,20.62742522633096,8.983646657727476,19.827823514384786,2023-04-06,8.2,18.316589662521068
2023-04-06 11:45:00+00:00,9.306170468454434,25.27737781901302,8.890625912627105,19.733756046430027,2023-04-06,8.1,18.04249186351324
2023-04-06 12:00:00+00:00,10.002300414312618,21.892590670295142,8.797605167526735,19.628387269033535,2023-04-06,8.0,17.752594044056405
2023-04-06 12:15:00+00:00,10.007230213026308,22.6763265505631,8.704584422426363,19.51113980511032,2023-04-06,7.9,17.451085119111507
2023-04-06 12:30:00+00:00,8.752237067526977,25.12371816476082,8.611563677325991,19.3458318040371,2023-04-06,7.8,17.142154003639515
2023-04-06 12:45:00+00:00,8.286513351134847,21.50067768534212,8.51854293222562,19.139058894651466,2023-04-06,7.699999999999999,16.82802217737929
2023-04-06 13:00:00+00:00,8.37137002003116,22.690805326986425,8.42552218712525,18.905802655304182,2023-04-06,7.6,16.501214725931288
2023-04-06 13:15:00+00:00,8.365319830847985,23.393215579735703,8.216225510649416,18.359288951666212,2023-04-06,7.375,15.735943899324004
2023-04-06 13:30:00+00:00,8.341037828215399,23.405369176313418,8.00692883417358,17.773103110224795,2023-04-06,7.15,14.969140205637856
2023-04-06 13:45:00+00:00,8.026007119021134,21.5873355127297,7.797632157697745,17.134783294291033,2023-04-06,6.925,14.203538812823728
2023-04-06 14:00:00+00:00,7.386398686992322,16.493651997338045,7.58833548122191,16.462349279830537,2023-04-06,6.7,13.402506539043651
2023-04-06 14:15:00+00:00,6.035385368567455,10.861281644951044,7.123231755720054,14.87867536287926,2023-04-06,6.2,11.484896004641756
2023-04-06 14:30:00+00:00,5.548107587894972,8.107670704195261,6.658128030218199,13.246203385217367,2023-04-06,5.7,9.61444434557669
2023-04-06 14:45:00+00:00,6.074569483834374,10.743309707695191,6.193024304716343,11.458511296568618,2023-04-06,5.2,7.81419537215784
2023-04-13 09:30:00+00:00,7.675984239558708,0.2864394035771474,7.681356226322281,16.76806774476173,2023-04-13,6.8,13.765445430493678
2023-04-13 09:45:00+00:00,7.667265008624047,16.10600588995393,7.588335481221909,16.462349279830534,2023-04-13,6.699999999999999,13.40250653904365
2023-04-13 10:00:00+00:00,8.082251251808167,18.26753390255328,7.495314736121538,16.14835698419926,2023-04-13,6.6,13.025754267702272
2023-04-13 10:15:00+00:00,7.217226420343887,13.71662807644483,7.402293991021168,15.829764668917743,2023-04-13,6.5,12.640077600766023
2023-04-13 10:30:00+00:00,7.227492125984251,14.47565881609252,7.309273245920797,15.510246145035842,2023-04-13,6.4,12.25115695290669
2023-04-13 10:45:00+00:00,6.743254634368248,12.96009545913143,7.216252500820425,15.193297787924186,2023-04-13,6.3,11.864672738796036
2023-04-13 11:00:00+00:00,5.135603939461384,5.225542773177387,7.123231755720054,14.87867536287926,2023-04-13,6.2,11.484896004641756
2023-04-13 11:15:00+00:00,5.181159675086236,5.453066902267164,7.099976569444961,14.800057686359677,2023-04-13,6.175,11.390356250829404
2023-04-13 11:30:00+00:00,6.5557589449668905,9.293932018656667,7.076721383169868,14.721373456435586,2023-04-13,6.1499999999999995,11.29587602469906
2023-04-13 11:45:00+00:00,7.0827653799087775,11.892028038536823,7.053466196894776,14.642581810456397,2023-04-13,6.125,11.201463994083497
2023-04-13 12:00:00+00:00,6.906424663376592,10.607141262553274,7.0302110106196825,14.56364188577152,2023-04-13,6.1,11.10712882681546
2023-04-13 12:15:00+00:00,7.314067008014247,5.222580392513023,6.890679892969126,14.084600176410106,2023-04-13,5.949999999999999,10.543217352140465
2023-04-13 12:30:00+00:00,7.942976736420302,17.114229084867766,6.75114877531857,13.589923045696422,2023-04-13,5.8,9.984257251833878
2023-04-13 12:45:00+00:00,7.144536809815951,7.45007849514965,6.611617657668012,13.07009073744464,2023-04-13,5.6499999999999995,9.428998176225685
2023-04-19 09:15:00+00:00,5.501432291666667,12.824372082122894,6.634872843943106,13.158441943133976,2023-04-19,5.675,9.521757780475712
2023-04-19 09:30:00+00:00,5.635928873835733,14.937801781560555,6.797659147868756,13.757097526981273,2023-04-19,5.8500000000000005,10.169911561458264
2023-04-19 10:00:00+00:00,7.2826093587521665,20.79032536279758,7.123231755720054,14.87867536287926,2023-04-19,6.2,11.484896004641756
2023-04-19 10:15:00+00:00,5.934605924170616,14.024788309877833,7.099976569444961,14.800057686359677,2023-04-19,6.175,11.390356250829404
2023-04-19 10:30:00+00:00,6.463061340105489,17.708799657126,7.076721383169868,14.721373456435586,2023-04-19,6.1499999999999995,11.29587602469906
2023-04-19 11:45:00+00:00,4.404853054277249,12.208976534424266,6.681383216493291,13.333303624013556,2023-04-19,5.725,9.70699856267161
2023-04-19 12:00:00+00:00,4.895104120267261,14.063597817117984,6.565107285117827,12.891904793973204,2023-04-19,5.6,9.24349708570647
2023-04-19 12:15:00+00:00,5.428734562058021,10.96578285209967,6.611617657668012,13.07009073744464,2023-04-19,5.6499999999999995,9.428998176225685
2023-04-19 12:30:00+00:00,5.2306475861684945,17.095250151477142,6.658128030218199,13.246203385217367,2023-04-19,5.7,9.61444434557669
2023-04-19 12:45:00+00:00,5.364619318181818,16.944310956296512,6.704638402768384,13.41967121984128,2023-04-19,5.75,9.799361122903482
2023-04-19 13:00:00+00:00,6.254726017482323,6.719523494945214,6.75114877531857,13.589923045696422,2023-04-19,5.8,9.984257251833878
2023-04-19 13:15:00+00:00,4.990286846412266,8.658918081964941,6.727893589043477,13.50523473301928,2023-04-19,5.7749999999999995,9.891710080865549
2023-04-24 09:30:00+00:00,6.841871524111229,17.12069783097596,7.123231755720053,14.878675362879257,2023-04-24,6.199999999999999,11.484896004641753
2023-04-24 09:45:00+00:00,7.510743979086712,20.874338564416263,7.309273245920796,15.51024614503584,2023-04-24,6.3999999999999995,12.251156952906683
2023-04-24 10:00:00+00:00,7.852786186954346,19.431667984717233,7.495314736121538,16.14835698419926,2023-04-24,6.6,13.025754267702272
2023-04-24 10:15:00+00:00,7.475176594916292,20.134468262419823,7.402293991021168,15.829764668917743,2023-04-24,6.5,12.640077600766023
2023-04-24 10:30:00+00:00,7.298451415540353,19.118145211555536,7.309273245920797,15.510246145035842,2023-04-24,6.4,12.25115695290669
2023-04-24 10:45:00+00:00,7.983915925266904,21.061081490521016,7.216252500820425,15.193297787924186,2023-04-24,6.3,11.864672738796036
2023-04-24 11:00:00+00:00,7.1677839070233,16.16869860938481,7.123231755720054,14.87867536287926,2023-04-24,6.2,11.484896004641756
2023-04-24 11:15:00+00:00,7.360251932595518,18.08194245424092,7.00695582434459,14.484512819730378,2023-04-24,6.075,11.012879190727734
2023-04-24 11:30:00+00:00,8.259199466162487,21.838680771568704,6.890679892969127,14.084600176410108,2023-04-24,5.95,10.543217352140466
2023-04-24 11:45:00+00:00,7.45217206094984,15.8491963593365,6.774403961593663,13.673829601595205,2023-04-24,5.825,10.076993967975705
2023-04-24 12:00:00+00:00,8.047158541471886,17.367335009396154,6.658128030218199,13.246203385217367,2023-04-24,5.7,9.61444434557669
2023-04-24 13:00:00+00:00,8.390656067108857,20.685067905927767,6.193024304716343,11.458511296568618,2023-04-24,5.2,7.81419537215784
2023-04-24 13:15:00+00:00,10.09514490808287,21.535845626111453,7.16974212827024,15.03587450630723,2023-04-24,6.25,11.674119423981402
2023-04-24 13:30:00+00:00,9.828147250180724,21.73258071449358,8.146459951824136,18.17205701823628,2023-04-24,7.3,15.478483490010316
2023-04-24 13:45:00+00:00,10.44906322795341,25.80791230120633,9.123177775378032,19.93301955445635,2023-04-24,8.35,18.70727456456524
2023-04-25 07:15:00+00:00,8.329524119947848,23.92939099640591,8.495287745950527,19.082642429094225,2023-04-25,7.675,16.747516273630175
2023-04-27 07:15:00+00:00,9.566835579514825,20.324122068306153,8.704584422426363,19.51113980511032,2023-04-27,7.9,17.45108511911151
2023-04-27 07:30:00+00:00,9.200988142292491,20.549275178530312,8.704584422426363,19.51113980511032,2023-04-27,7.9,17.45108511911151
2023-04-27 07:45:00+00:00,8.947169653790494,21.747850736744407,8.704584422426363,19.51113980511032,2023-04-27,7.9,17.45108511911151
2023-04-27 08:00:00+00:00,8.6021555332888,23.64400636812069,8.704584422426363,19.51113980511032,2023-04-27,7.9,17.45108511911151
2023-04-27 08:15:00+00:00,8.928032836153161,23.170286397998108,8.658074049876177,19.434605266759686,2023-04-27,7.85,17.297285528006345
2023-04-27 08:30:00+00:00,9.38461547884187,20.9213968290696,8.611563677325991,19.3458318040371,2023-04-27,7.8,17.142154003639515
2023-04-27 08:45:00+00:00,9.127857572383071,20.36460423348664,8.565053304775807,19.246692114236417,2023-04-27,7.75,16.986214160381156
2023-04-27 09:00:00+00:00,9.105265653698446,21.717629682527967,8.518542932225621,19.13905889465147,2023-04-27,7.7,16.828022177379292
2023-04-27 09:15:00+00:00,9.495419028002004,24.260334772853085,8.472032559675435,19.02480484257611,2023-04-27,7.65,16.666165518664624
2023-04-27 09:30:00+00:00,8.996983522600758,24.849439386494097,8.42552218712525,18.905802655304182,2023-04-27,7.6,16.501214725931288
2023-04-27 09:45:00+00:00,9.077418123121452,26.888681579488477,8.379011814575064,18.783925030129527,2023-04-27,7.55,16.3337403408734
2023-04-27 10:00:00+00:00,9.371490671420084,26.939825689272325,8.33250144202488,18.661044664345997,2023-04-27,7.5,16.164312905185106
2023-04-27 10:15:00+00:00,9.177609695322232,27.61231718783781,8.309246255749786,18.59981367163022,2023-04-27,7.475,16.079045087633965
2023-05-08 08:00:00+00:00,6.1887625,10.504906532877344,6.379065794917086,12.169858412102238,2023-05-08,5.4,8.510432929067296
2023-05-08 08:15:00+00:00,5.691713172686293,9.033909524005676,6.4720865400174565,12.53159908973457,2023-05-08,5.5,8.874228024587367
2023-05-08 08:30:00+00:00,6.688828065880259,13.560720204180948,6.565107285117827,12.891904793973204,2023-05-08,5.6,9.24349708570647
2023-05-08 08:45:00+00:00,6.42554087595303,12.26705693938956,6.658128030218199,13.246203385217367,2023-05-08,5.7,9.61444434557669
2023-05-08 09:00:00+00:00,6.834359517637777,15.019766960659302,6.75114877531857,13.589923045696422,2023-05-08,5.8,9.984257251833878
2023-05-08 12:30:00+00:00,5.887208721174005,8.186551493289391,6.797659147868756,13.757097526981273,2023-05-08,5.8500000000000005,10.169911561458264
2023-05-08 12:45:00+00:00,6.671688279857397,11.605730475658534,6.541852098842735,12.802212935553625,2023-05-08,5.575,9.150874217151284
2023-05-08 13:00:00+00:00,6.453965514369013,11.972490976252397,6.286045049816714,11.811254900676975,2023-05-08,5.3,8.15590756599419
2023-05-08 13:15:00+00:00,5.521700918964076,7.399013990512559,6.100003559615972,11.107142252811586,2023-05-08,5.1,7.484677325061218
2023-05-08 13:30:00+00:00,5.482456595578818,6.624946519999387,5.913962069415231,10.40840305112793,2023-05-08,4.9,6.846674722011245
2023-05-08 13:45:00+00:00,5.269028571428572,4.595832798598106,5.727920579214488,9.717799675778673,2023-05-08,4.7,6.20908465877664
2023-05-08 14:00:00+00:00,4.961970496548653,4.480794022521487,5.5418790890137455,9.028426820138485,2023-05-08,4.5,5.543714629067612
2023-05-08 14:15:00+00:00,4.64241220014471,3.842471324025157,5.5418790890137455,9.028426820138485,2023-05-08,4.5,5.543714629067612
2023-05-08 14:30:00+00:00,5.14109580634163,5.979828523360722,5.5418790890137455,9.028426820138485,2023-05-08,4.5,5.543714629067612
2023-05-11 07:15:00+00:00,5.264335935099256,5.233191530235226,6.518596912567642,12.712217072253148,2023-05-11,5.55,9.058415544875034
2023-05-11 07:30:00+00:00,5.035421749777382,4.938345369149042,6.4720865400174565,12.53159908973457,2023-05-11,5.5,8.874228024587367
2023-05-11 07:45:00+00:00,6.376707074080258,9.993362808872432,6.425576167467272,12.35062236386757,2023-05-11,5.45,8.691408995699454
2023-05-11 08:00:00+00:00,6.3281163065379,9.954158180251303,6.379065794917086,12.169858412102238,2023-05-11,5.4,8.510432929067296
2023-05-17 13:45:00+00:00,11.764030130442771,20.748976075369104,10.169661157757208,19.994011669548065,2023-05-17,9.475,19.987813266395097
2023-05-17 14:00:00+00:00,11.158712911737169,22.01174265521576,10.285937089132672,19.994011669548065,2023-05-17,9.6,19.99212625290023
2023-06-02 14:45:00+00:00,6.97119489981785,1.397257459809954,7.774376971422652,17.062308982285646,2023-06-02,6.9,14.116987688823016
2023-06-02 15:00:00+00:00,6.966218338023997,12.594492699896117,7.774376971422652,17.062308982285646,2023-06-02,6.9,14.116987688823016
2023-06-09 06:30:00+00:00,7.26279636800641,5.438914278082788,7.960418461623394,17.634407499977446,2023-06-09,7.1000000000000005,14.800136923528916
2023-06-09 06:45:00+00:00,6.93594533762058,9.938687035064309,7.774376971422652,17.062308982285646,2023-06-09,6.9,14.116987688823016
2023-06-09 07:30:00+00:00,6.631036109773712,2.5639678795754306,7.262762873370611,15.351287620822825,2023-06-09,6.35,12.05725526571579
2023-06-09 07:45:00+00:00,6.858400587106243,15.80331573305578,7.099976569444961,14.800057686359677,2023-06-09,6.175,11.390356250829404
2023-06-09 08:00:00+00:00,6.916345498783455,19.074693813231143,6.937190265519312,14.24558214696347,2023-06-09,6.0,10.730730147874036
2023-06-22 09:45:00+00:00,6.87316250905022,13.842955793973736,7.16974212827024,15.03587450630723,2023-06-22,6.25,11.674119423981402
2023-06-22 10:00:00+00:00,6.325403514625737,12.213202897336227,7.0302110106196825,14.56364188577152,2023-06-22,6.1,11.10712882681546
2023-06-22 10:15:00+00:00,5.79138230551076,9.115125009053884,6.867424706694034,14.003478146569043,2023-06-22,5.925,10.44966292762265
2023-06-22 10:30:00+00:00,5.997231907437281,10.32378738562491,6.704638402768384,13.41967121984128,2023-06-22,5.75,9.799361122903482
2023-06-22 10:45:00+00:00,6.018595355509729,10.006167144736034,6.541852098842735,12.802212935553625,2023-06-22,5.575,9.150874217151284
2023-08-02 07:00:00+00:00,4.5799069664903005,3.263982678464698,5.820941324314859,10.061925910630084,2023-08-02,4.8,6.530310718441107
2023-08-02 07:15:00+00:00,4.753370564022695,4.826651632228001,5.75117576548958,9.803699783336969,2023-08-02,4.725,6.290576149448241
2023-08-02 07:30:00+00:00,5.3851941595441595,7.168579276518947,5.681410206664302,9.545532712814456,2023-08-02,4.6499999999999995,6.0438479299679555
2023-08-02 07:45:00+00:00,4.529256618464961,4.223275290562681,5.611644647839024,9.286678923992538,2023-08-02,4.575,5.7931932316848895
2023-08-02 08:00:00+00:00,4.580674086027488,4.265578931786489,5.5418790890137455,9.028426820138485,2023-08-02,4.5,5.543714629067612
2023-08-02 08:15:00+00:00,4.29114829447443,3.593347444896222,5.448858343913375,8.687254382597015,2023-08-02,4.3999999999999995,5.221725238904944
2023-08-02 08:30:00+00:00,4.089578010238148,2.7546863404966615,5.355837598813004,8.352498198907362,2023-08-02,4.3,4.922992920314061
2023-08-02 08:45:00+00:00,4.015506649602137,2.8041337167838742,5.262816853712632,8.027213464319079,2023-08-02,4.199999999999999,4.661178400640248
2023-08-02 09:00:00+00:00,4.04376804496633,2.9062722929809675,5.169796108612261,7.713555622267981,2023-08-02,4.1,4.443036536772079
