timestamp,obs_ws_ms,obs_power_kw,fcst_ws_ms,fcst_power_kw,date,fcst_ws_raw_ms,fold_a,fold_b,fcst_power_raw_kw
2022-07-05 11:45:00+00:00,8.546775575790038,0.1541065110289073,7.181685662606467,15.076265233524285,2022-07-05,6.3175,0.9213404298295435,1.3611174971583266,11.931882146119246
2022-07-05 12:00:00+00:00,9.507889699103176,18.804081568807096,6.843093054644111,13.918091679012825,2022-07-05,5.95,0.9213404298295435,1.3611174971583266,10.543217352140466
2022-07-05 12:15:00+00:00,9.500076242417496,19.875138251670094,7.00432762986428,14.475556309648697,2022-07-05,6.125,0.9213404298295435,1.3611174971583266,11.201463994083497
2022-07-05 12:30:00+00:00,9.06158902432237,22.364874768469974,7.16556220508445,15.021742587944232,2022-07-05,6.300000000000001,0.9213404298295435,1.3611174971583266,11.86467273879604
2022-07-05 12:45:00+00:00,9.257652420701168,23.19539535440623,7.326796780304621,15.570339235046141,2022-07-05,6.4750000000000005,0.9213404298295435,1.3611174971583266,12.542929670814615
2022-07-05 13:00:00+00:00,9.94008873353052,24.0268253193466,7.488031355524791,16.12353003652597,2022-07-05,6.65,0.9213404298295435,1.3611174971583266,13.215600978739309
2022-07-05 13:30:00+00:00,8.238150891089107,18.91532951601952,7.718366462982177,16.88658677028564,2022-07-05,6.9,0.9213404298295435,1.3611174971583266,14.116987688823016
2022-07-05 13:45:00+00:00,8.67952181243414,23.288910366949423,7.833534016710869,17.24631913452931,2022-07-05,7.025,0.9213404298295435,1.3611174971583266,14.545928576111091
2022-08-08 09:30:00+00:00,5.271110244264883,6.429831054814503,4.742452988381494,6.346883564534396,2022-08-08,3.65,0.9326046849288688,1.3384458883911234,3.326384257811205
2022-08-08 09:45:00+00:00,5.408979756491125,7.641933802656814,4.761105082080071,6.406533964935759,2022-08-08,3.67,0.9326046849288688,1.3384458883911234,3.396752679226008
2022-08-11 07:15:00+00:00,4.0658887159533075,2.5441009257898832,4.784534452447678,6.481170377255458,2022-08-11,3.505,0.8851746832441849,1.68199718767681,2.7528559530070917
2022-08-11 07:30:00+00:00,3.963935422066945,2.155257443852355,4.753553338534132,6.38242082350057,2022-08-11,3.47,0.8851746832441849,1.68199718767681,2.598387015010562
2022-08-11 07:45:00+00:00,3.8665044577727343,1.4040123946172005,4.722572224620585,6.28270337992001,2022-08-11,3.435,0.8851746832441849,1.68199718767681,2.4379564868460784
2022-08-11 08:15:00+00:00,4.096187928501469,2.415215553491074,4.722572224620585,6.28270337992001,2022-08-11,3.435,0.8851746832441849,1.68199718767681,2.4379564868460784
2022-08-11 08:30:00+00:00,4.236348807472064,2.685527245129449,4.753553338534132,6.38242082350057,2022-08-11,3.47,0.8851746832441849,1.68199718767681,2.598387015010564
2022-08-11 08:45:00+00:00,3.811940833008953,1.79000120463763,4.784534452447678,6.481170377255458,2022-08-11,3.505,0.8851746832441849,1.68199718767681,2.7528559530070917
2022-08-11 09:00:00+00:00,4.094619079386257,1.9990472582361465,4.815515566361224,6.579526010652958,2022-08-11,3.54,0.8851746832441849,1.68199718767681,2.9012301142717054
2022-08-11 09:15:00+00:00,3.869085925068711,1.8828280060161289,4.850922553690992,6.691600382288598,2022-08-11,3.58,0.8851746832441849,1.68199718767681,3.063166740802848
2022-08-11 09:30:00+00:00,4.120505391569546,2.46267505745116,4.88632954102076,6.8034881400843545,2022-08-11,3.62,0.8851746832441849,1.68199718767681,3.2167700755634376
2022-08-11 09:45:00+00:00,3.981906039372706,2.0137286398876943,4.921736528350527,6.915364161043973,2022-08-11,3.66,0.8851746832441849,1.68199718767681,3.3618413094550865
2022-08-11 10:00:00+00:00,4.575637089618456,3.881168007233696,4.957143515680294,7.0274033221711925,2022-08-11,3.7,0.8851746832441849,1.68199718767681,3.4981816333794047
2022-08-11 10:15:00+00:00,4.38749174403736,3.4527781618759663,4.923949465058637,6.922360014597634,2022-08-11,3.6625,0.8851746832441849,1.68199718767681,3.37062043091685
2022-08-11 10:30:00+00:00,4.083326327495135,2.7803811593775367,4.89075541443698,6.817469698217729,2022-08-11,3.625,0.8851746832441849,1.68199718767681,3.235374656205877
2022-08-11 10:45:00+00:00,3.9129979984432337,2.3183798803350384,4.857561363815323,6.712588278820633,2022-08-11,3.5875,0.8851746832441849,1.68199718767681,3.092608122895669
2022-08-11 11:00:00+00:00,3.62299388277166,1.4923033178585474,4.824367313193666,6.607571662195499,2022-08-11,3.55,0.8851746832441849,1.68199718767681,2.942484644635411
2022-08-11 11:15:00+00:00,3.9049675158527086,2.057654593577384,4.844283743566661,6.670605925113752,2022-08-11,3.5725,0.8851746832441849,1.68199718767681,3.0334323914212167
2022-08-11 11:30:00+00:00,3.608636115900117,1.510473916843852,4.864200173939655,6.73357076746355,2022-08-11,3.595,0.8851746832441849,1.68199718767681,3.1217552271904876
2022-08-11 11:45:00+00:00,3.304979144652689,0.8174031815406374,4.8841166043126485,6.796497313594432,2022-08-11,3.6175,0.8851746832441849,1.68199718767681,3.207417768195
2022-08-11 12:00:00+00:00,3.0634295884315907,0.544912337853921,4.904033034685643,6.859416687855947,2022-08-11,3.64,0.8851746832441849,1.68199718767681,3.2903846306865288
2022-08-11 12:15:00+00:00,3.0591210368227832,0.4674688778574257,4.89075541443698,6.817469698217729,2022-08-11,3.625,0.8851746832441849,1.68199718767681,3.235374656205877
2022-08-11 12:30:00+00:00,3.6525717304270464,1.570282459009464,4.877477794188318,6.775524132096762,2022-08-11,3.61,0.8851746832441849,1.68199718767681,3.1791613603493465
2022-08-11 12:45:00+00:00,4.029122157588577,2.2147393696714435,4.864200173939655,6.73357076746355,2022-08-11,3.595,0.8851746832441849,1.68199718767681,3.121755227190489
2022-08-25 08:15:00+00:00,3.4199391812865496,0.058881493161497,4.310016772566268,4.951522938440036,2022-08-25,3.155,0.9244943210198796,1.3932371897485485,0.955877403158966
2022-08-25 08:30:00+00:00,3.930191933240612,1.818766726466576,4.323884187381568,4.991583267264494,2022-08-25,3.1700000000000004,0.9244943210198796,1.3932371897485485,1.0436091826877625
2022-08-25 08:45:00+00:00,4.00203760151296,2.28497965446543,4.337751602196866,5.032267881679654,2022-08-25,3.185,0.9244943210198796,1.3932371897485485,1.130455657738296
2022-08-25 09:00:00+00:00,4.975564989984421,4.0369262488497935,4.351619017012164,5.073544527054221,2022-08-25,3.2,0.9244943210198796,1.3932371897485485,1.2164063442370256
2022-08-25 09:15:00+00:00,4.916578660436137,4.446600896776729,4.22912351947703,4.7323146831717935,2022-08-25,3.0675000000000003,0.9244943210198796,1.3932371897485485,0.4270096797247876
2022-08-25 09:30:00+00:00,4.900712290658209,5.187018578097701,4.106628021941895,4.456586987743408,2022-08-25,2.935,0.9244943210198796,1.3932371897485485,0.0
2022-08-25 09:45:00+00:00,5.013966840992545,5.763723338048842,3.9841325244067614,4.213091928451885,2022-08-25,2.8025,0.9244943210198796,1.3932371897485485,0.0
2022-08-25 10:00:00+00:00,3.840380708683318,2.100487786846749,3.861637026871627,3.9518394440490785,2022-08-25,2.67,0.9244943210198796,1.3932371897485485,0.0
2022-08-25 10:15:00+00:00,3.5643274453521747,1.5303249728955175,3.8084786034129836,3.82032131037064,2022-08-25,2.6125,0.9244943210198796,1.3932371897485485,0.0
2022-08-25 11:30:00+00:00,2.0700359328067637,0.10733163594189,3.440992110807582,2.4658398939098674,2022-08-25,2.215,0.9244943210198796,1.3932371897485485,0.0
2022-08-25 11:45:00+00:00,2.434943702714731,0.1609764901877725,3.3369864996928453,1.9580999240906198,2022-08-25,2.1025,0.9244943210198796,1.3932371897485485,0.0
2022-08-25 12:00:00+00:00,3.222270865791231,0.9206882118058646,3.232980888578109,1.4021866509689074,2022-08-25,1.99,0.9244943210198796,1.3932371897485485,0.0
2022-08-25 12:15:00+00:00,3.3507074595316237,1.0425632265379374,3.37627750833619,2.1557632926995254,2022-08-25,2.145,0.9244943210198796,1.3932371897485485,0.0
2022-08-25 12:30:00+00:00,3.4505954487286488,1.304458333153942,3.5195741280942716,2.815387688190431,2022-08-25,2.3,0.9244943210198796,1.3932371897485485,0.0
2022-08-25 12:45:00+00:00,3.3594893292682926,1.1078337395510671,3.662870747852353,3.3719194602179003,2022-08-25,2.455,0.9244943210198796,1.3932371897485485,0.0
2022-08-31 08:00:00+00:00,1.9401681766704415,2.3543812858372877,3.6587227868051433,3.357343019809726,2022-08-31,2.51,0.9378343083189963,1.304758672924463,0.0
2022-08-31 08:15:00+00:00,2.2390432315139375,2.269135646795421,3.6845132302839154,3.4464433213704257,2022-08-31,2.5374999999999996,0.9378343083189963,1.304758672924463,0.0
2022-08-31 08:30:00+00:00,3.0735313463514906,2.0863284580569377,3.7103036737626884,3.5318633870443716,2022-08-31,2.565,0.9378343083189963,1.304758672924463,0.0
2022-08-31 12:30:00+00:00,5.5801105876518715,5.795935603349616,3.4664667535997493,2.582459885694312,2022-08-31,2.305,0.9378343083189963,1.304758672924463,0.0
2022-08-31 12:45:00+00:00,5.690677868031601,7.459283298266496,3.646999857951156,3.3156406889239216,2022-08-31,2.4975,0.9378343083189963,1.304758672924463,0.0
2022-08-31 13:00:00+00:00,5.818175320296696,8.339570372412737,3.8275329623025627,3.869187314635548,2022-08-31,2.69,0.9378343083189963,1.304758672924463,0.0
2022-09-07 08:45:00+00:00,4.867879092326347,4.508402576514685,4.2765037503757055,4.857483584592198,2022-09-07,3.1500000000000004,0.9327021013424506,1.3384921311469857,0.9264385543829609
2022-09-07 09:00:00+00:00,4.720561925825111,4.503353270455682,4.323138855442828,4.989413981650293,2022-09-07,3.2,0.9327021013424506,1.3384921311469857,1.2164063442370256
2022-09-12 16:00:00+00:00,9.038058522069765,3.12056491632142,7.209265555993973,15.16962196047534,2022-09-12,6.31,0.9282355804152146,1.3520990435739693,11.903049628870264
2022-09-12 16:15:00+00:00,8.53576461313211,8.730187965395872,7.083953752637919,14.745853869377358,2022-09-12,6.175,0.9282355804152146,1.3520990435739693,11.390356250829404
2022-09-12 16:45:00+00:00,8.25792662430826,10.9040638478033,6.833330145925811,13.883674176860971,2022-09-12,5.904999999999999,0.9282355804152146,1.3520990435739693,10.374924240279382
2022-09-13 11:30:00+00:00,6.47900874217119,9.130916859284486,8.474764761709716,19.031666115698755,2022-09-13,7.665,0.9267066333106088,1.3715584173839006,16.71507335999807
2022-09-13 12:00:00+00:00,9.984449709060682,15.032467052140357,8.794478550201877,19.624728506511968,2022-09-13,8.01,0.9267066333106088,1.3715584173839006,17.782175442845904
2022-09-13 12:15:00+00:00,9.540561358263483,21.523608977432826,8.718025252953751,19.53071157539224,2022-09-13,7.927499999999999,0.9267066333106088,1.3715584173839006,17.534917445635095
2022-09-13 12:30:00+00:00,9.998909489051094,21.32445991309489,8.641571955705626,19.40441209101808,2022-09-13,7.845,0.9267066333106088,1.3715584173839006,17.281823672929324
2022-09-14 13:30:00+00:00,9.647085441459415,21.269912648556563,8.80913936646053,19.64183789175951,2022-09-14,8.02,0.9283034901770525,1.3641453752405686,17.811636541665564
2022-09-15 08:00:00+00:00,6.83509311657578,13.148234033398584,4.999855693331432,7.163024294908377,2022-09-15,3.98,0.9454595247520866,1.2369267848181276,4.204848466855733
2022-09-15 08:15:00+00:00,6.602164853182292,10.650204863969297,4.820218383628536,6.594428937772776,2022-09-15,3.79,0.9454595247520866,1.2369267848181276,3.7708666300809313
2022-09-15 10:45:00+00:00,6.874999112163362,10.610777598593277,5.200765842341251,7.8167612541006655,2022-09-15,4.1925,0.9454595247520866,1.2369267848181276,4.64352981671364
2022-09-15 11:00:00+00:00,6.8452814204608705,14.792308920827118,5.245675169766975,7.968546070447182,2022-09-15,4.24,0.9454595247520866,1.2369267848181276,4.760037264105453
2022-09-15 11:15:00+00:00,6.6065576088166535,13.486151416182231,5.344948419865944,8.313871503880634,2022-09-15,4.345000000000001,0.9454595247520866,1.2369267848181276,5.053771077564605
2022-09-15 11:30:00+00:00,6.501071118530885,12.347113246766837,5.444221669964913,8.67039100462258,2022-09-15,4.45,0.9454595247520866,1.2369267848181276,5.380568736998113
2022-09-15 11:45:00+00:00,6.2078628195111065,10.149102801952784,5.543494920063883,9.034391749463088,2022-09-15,4.555000000000001,0.9454595247520866,1.2369267848181276,5.726339953867248
2022-09-20 11:30:00+00:00,4.544552073515551,3.2575566296369316,4.221101990252155,4.712286254635179,2022-09-20,3.11,0.9374113876791423,1.3057525745700227,0.6874750784385005
2022-09-20 11:45:00+00:00,5.219566458982347,6.114185438580199,4.207040819436969,4.677986207582164,2022-09-20,3.095,0.9374113876791423,1.3057525745700227,0.5963069217321484
2022-09-20 12:15:00+00:00,4.899369565217391,4.231931003810601,4.218758461782958,4.706499380463101,2022-09-20,3.1075,0.9374113876791423,1.3057525745700227,0.6723386697544109
2022-09-20 12:30:00+00:00,5.018599466758407,6.055322479772056,4.244537274944134,4.771802071205147,2022-09-20,3.135,0.9374113876791423,1.3057525745700227,0.8375426774420047
2022-09-22 08:00:00+00:00,5.18778818061089,4.35440145191396,4.8889176534189644,6.811664118504423,2022-09-22,3.86,0.9462905842978722,1.2362359980291782,3.94800065900194
2022-09-22 08:15:00+00:00,5.923989291495455,8.239650999329893,4.9315007297123685,6.946237534949462,2022-09-22,3.905,0.9462905842978722,1.2362359980291782,4.049488461651515
2022-09-22 08:30:00+00:00,5.734109473215775,8.448381158782276,4.9740838060057735,7.081116676714077,2022-09-22,3.95,0.9462905842978722,1.2362359980291782,4.144221672502295
2022-09-22 08:45:00+00:00,5.964648570475025,9.584828793048004,5.016666882299178,7.216605756171964,2022-09-22,3.995,0.9462905842978722,1.2362359980291782,4.234678631245084
2022-09-22 09:00:00+00:00,5.771360885526755,8.805713626039104,5.059249958592582,7.353008985696815,2022-09-22,4.04,0.9462905842978722,1.2362359980291782,4.323337677570688
2022-09-22 09:15:00+00:00,5.777208321744451,8.744939712309394,4.959889447241306,7.036104214771002,2022-09-22,3.935,0.9462905842978722,1.2362359980291782,4.113241461820371
2022-09-22 09:30:00+00:00,6.034595571873609,9.552680758280095,4.860528935890029,6.721968126608143,2022-09-22,3.83,0.9462905842978722,1.2362359980291782,3.8753657014506433
2022-09-22 09:45:00+00:00,6.000550653685675,9.788982414521278,4.761168424538752,6.406736097349818,2022-09-22,3.725,0.9462905842978722,1.2362359980291782,3.5788723325872027
2022-09-22 10:00:00+00:00,5.61184769427602,7.903338150715358,4.6618079131874754,6.083083534425734,2022-09-22,3.62,0.9462905842978722,1.2362359980291782,3.2167700755634376
2022-09-22 10:15:00+00:00,5.294175203796082,6.7050756835533525,4.576641760600667,5.798686114880308,2022-09-22,3.53,0.9462905842978722,1.2362359980291782,2.8594671787409873
2022-09-23 09:30:00+00:00,6.4959480287737685,12.302019750343613,6.057390066966327,10.94654603322956,2022-09-23,5.06,0.9310123300398992,1.3464676769644377,7.355421564151328
2022-09-23 09:45:00+00:00,6.191552081014912,10.40051424020977,6.145836238320118,11.280146689802336,2022-09-23,5.155,0.9310123300398992,1.3464676769644377,7.664630209756608
2022-09-23 10:00:00+00:00,6.484205667835867,11.791533307938645,6.234282409673909,11.614618975026465,2022-09-23,5.25,0.9310123300398992,1.3464676769644377,7.983307211265227
2022-09-23 10:15:00+00:00,6.543885580722355,10.923998231165008,6.22729981719861,11.588190514086666,2022-09-23,5.2425,0.9310123300398992,1.3464676769644377,7.957725615797464
2022-09-23 10:30:00+00:00,6.41080974904012,12.513476838446108,6.22031722472331,11.561765282365696,2022-09-23,5.234999999999999,0.9310123300398992,1.3464676769644377,7.932222424456386
2022-09-23 10:45:00+00:00,6.487402528882016,12.501243879404166,6.213334632248011,11.53534346872383,2022-09-23,5.2275,0.9310123300398992,1.3464676769644377,7.906795975171017
2022-09-28 08:00:00+00:00,7.911191958813435,4.065703758549742,7.640824322626409,16.636109757692054,2022-09-28,6.77,0.9251009658652226,1.3778907837188525,13.657990021317964
2022-09-28 08:15:00+00:00,7.355999554813579,6.953303182711074,7.902165345483335,17.457707557329627,2022-09-28,7.0525,0.9251009658652226,1.3778907837188525,14.63930528180129
2022-09-28 08:30:00+00:00,7.2015217354887335,15.18106972231083,8.163506368340261,18.218656867407862,2022-09-28,7.335,0.9251009658652226,1.3778907837188525,15.598496928055969
2022-09-28 09:00:00+00:00,8.998807304180682,0.8745008322463262,8.686188414054111,19.482451293785928,2022-09-28,7.9,0.9251009658652226,1.3778907837188525,17.45108511911151
2022-09-28 09:15:00+00:00,10.221628038942976,7.199837133832083,8.595991069882253,19.31369941618211,2022-09-28,7.8025,0.9251009658652226,1.3778907837188525,17.149934129975982
2022-09-28 09:30:00+00:00,10.067320692389004,18.089879185529995,8.505793725710394,19.108319673028248,2022-09-28,7.705,0.9251009658652226,1.3778907837188525,16.844015700024507
2022-09-30 13:15:00+00:00,7.853846879691186,18.36715096109536,5.442502968035303,8.66414428751689,2022-09-30,4.4174999999999995,0.9362276829517638,1.3067171785958864,5.276736479310836
2022-09-30 13:30:00+00:00,7.588423189713513,14.928487116571183,5.402713291509853,8.520198557641073,2022-09-30,4.375,0.9362276829517638,1.3067171785958864,5.144389348198428
2022-10-12 14:45:00+00:00,7.545370336250576,12.98886546044559,6.719244819522604,13.473511494563212,2022-10-12,5.775,0.9301578960858108,1.3475829696270465,9.89171008086555
2022-10-12 15:00:00+00:00,7.285026116914869,17.15323011354579,6.798308240689898,13.759412914887001,2022-10-12,5.86,0.9301578960858108,1.3475829696270465,10.20712730291215
2022-10-12 15:15:00+00:00,8.004659209900048,21.39783951721561,6.628554424654237,13.134492331514757,2022-10-12,5.6775,0.9301578960858108,1.3475829696270465,9.53103070234366
2022-10-20 10:30:00+00:00,4.557893817204301,4.2000113075310885,4.368357083832316,5.12410834923657,2022-10-20,3.255,0.9343554374770714,1.3270301348444487,1.5237254648721588
2022-10-20 12:15:00+00:00,5.645371135196806,5.738072421858898,4.2235319910233695,4.718317175069342,2022-10-20,3.1,0.9343554374770714,1.3270301348444487,0.6267893677119061
2022-10-31 10:15:00+00:00,5.213556310514693,5.344364918296732,5.09058679055959,7.454149040033455,2022-10-31,4.01,0.9287574767631267,1.3662693087394524,4.264309027588082
2022-10-31 10:30:00+00:00,5.268156232625375,6.633619011800234,5.044148916721434,7.304513229404784,2022-10-31,3.96,0.9287574767631267,1.3662693087394524,4.164605514039201
2022-10-31 10:45:00+00:00,5.004411738550467,5.624083121941807,4.997711042883278,7.156198050483375,2022-10-31,3.91,0.9287574767631267,1.3662693087394524,4.060302605484792
2022-10-31 11:00:00+00:00,4.8252936354869815,5.057800647598601,4.9512731690451215,7.008808970792415,2022-10-31,3.86,0.9287574767631267,1.3662693087394524,3.94800065900194
2022-10-31 11:45:00+00:00,4.379330537183417,0.5601408854102556,4.728371374621971,6.301493086077768,2022-10-31,3.62,0.9287574767631267,1.3662693087394524,3.2167700755634376
2022-10-31 12:00:00+00:00,4.468384152604549,1.6267850915470432,4.654070776480921,6.057386400271439,2022-10-31,3.54,0.9287574767631267,1.3662693087394524,2.9012301142717054
2022-10-31 12:15:00+00:00,4.316704774535809,1.8896753933640984,4.640139414329474,6.011007538148789,2022-10-31,3.525,0.9287574767631267,1.3662693087394524,2.8383960297855517
2022-11-02 09:00:00+00:00,9.717050228310503,0.2715466870751466,8.695213400492246,19.4967942988298,2022-11-02,8.12,0.8843216376474142,1.5145217027952445,18.098709470229476
2022-11-02 09:15:00+00:00,9.67627138704319,1.8765587898787648,8.536035505715713,19.18041736835049,2022-11-02,7.94,0.8843216376474142,1.5145217027952445,17.57281393119053
2022-11-02 09:30:00+00:00,9.53823215974192,7.2418501422392065,8.37685761093918,18.778241346974877,2022-11-02,7.76,0.8843216376474142,1.5145217027952445,17.017441661054384
2022-11-02 09:45:00+00:00,9.779376767523187,6.5591834110046,8.217679716162644,18.3630895556876,2022-11-02,7.58,0.8843216376474142,1.5145217027952445,16.434495852652205
2022-11-02 10:00:00+00:00,10.597009640453528,10.415546583929563,8.058501821386109,17.923867621292104,2022-11-02,7.4,0.8843216376474142,1.5145217027952445,15.821881048693776
2022-11-02 10:15:00+00:00,9.440334872336877,8.904559132610519,8.020918151786095,17.814335341569418,2022-11-02,7.3575,0.8843216376474142,1.5145217027952445,15.675790173349547
2022-11-02 10:30:00+00:00,9.72598118231848,10.49718842361885,7.98333448218608,17.703039183554502,2022-11-02,7.315,0.8843216376474142,1.5145217027952445,15.529875251964782
2022-11-02 10:45:00+00:00,9.960934888579388,15.80117129091748,7.9457508125860645,17.590201528969175,2022-11-02,7.2725,0.8843216376474142,1.5145217027952445,15.384486668457368
2022-11-02 11:30:00+00:00,9.034150603433623,10.43858345870749,7.974491265809605,17.67661959049733,2022-11-02,7.305,0.8843216376474142,1.5145217027952445,15.495605841472324
2022-11-02 11:45:00+00:00,9.643939498178876,11.6691230404149,8.007653327221384,17.77524430455506,2022-11-02,7.3425,0.8843216376474142,1.5145217027952445,15.62425265432173
2022-11-02 12:00:00+00:00,10.043864934231634,3.5784031489445423,8.040815388633161,17.87255686328136,2022-11-02,7.38,0.8843216376474142,1.5145217027952445,15.753132734458754
2022-11-02 12:15:00+00:00,10.138491818999102,10.463306047464116,7.832999803786019,17.24466340300892,2022-11-02,7.1450000000000005,0.8843216376474142,1.5145217027952445,14.952242138524804
2022-11-02 12:30:00+00:00,9.863099066988154,10.157939231518093,7.625184218938877,16.58464903991223,2022-11-02,6.91,0.8843216376474142,1.5145217027952445,14.151663256464165
2022-11-02 12:45:00+00:00,9.589642948992712,17.52892770093656,7.417368634091735,15.88155422455457,2022-11-02,6.675000000000001,0.8843216376474142,1.5145217027952445,13.309465780972692
2022-11-02 13:00:00+00:00,9.89531417208966,13.015558088833282,7.209553049244592,15.170595923561523,2022-11-02,6.44,0.8843216376474142,1.5145217027952445,12.4067509432222
2022-11-02 13:15:00+00:00,9.14381818181818,9.26164356083004,7.3709417481152455,15.72199287082837,2022-11-02,6.6225000000000005,0.8843216376474142,1.5145217027952445,13.111503856132977
2022-11-02 13:30:00+00:00,9.703078284092806,19.194612749564197,7.532330446985899,16.274059934046285,2022-11-02,6.805000000000001,0.8843216376474142,1.5145217027952445,13.783256245112002
2022-11-02 13:45:00+00:00,9.385152767527677,12.75594503932184,7.6937191458565515,16.807879718875654,2022-11-02,6.9875,0.8843216376474142,1.5145217027952445,14.418136623020017
2022-11-08 10:00:00+00:00,8.289647699951916,2.4626763004298167,6.655643967965937,13.236859206698494,2022-11-08,5.71,0.9301560356517972,1.3444530043941754,9.651485235471377
2022-11-08 10:15:00+00:00,7.7925246781115876,2.334150945448932,6.674247088678974,13.306650495921062,2022-11-08,5.73,0.9301560356517972,1.3444530043941754,9.725488305150456
2022-11-08 11:00:00+00:00,7.643453128045215,4.573498986064811,6.730056450818081,13.513149212965564,2022-11-08,5.79,0.9301560356517972,1.3444530043941754,9.947215152627091
2022-11-11 13:30:00+00:00,10.012124023340917,5.696379715587711,9.256153233245524,19.974805379058374,2022-11-11,8.515,0.9251249406228785,1.378714363841713,19.13056490553218
2022-11-11 13:45:00+00:00,9.892800244893415,10.571318874369538,9.054938558660048,19.888068934121478,2022-11-11,8.2975,0.9251249406228785,1.378714363841713,18.569042708711848
2022-11-11 14:00:00+00:00,9.223095066694896,16.912368057528116,8.853723884074572,19.692933060399493,2022-11-11,8.08,0.9251249406228785,1.378714363841713,17.985642255979045
2022-11-24 09:00:00+00:00,8.894245927248383,25.051496378066577,8.244513372291417,18.43241981125296,2022-11-24,7.4,0.9310702904147061,1.3545932232225908,15.821881048693776
2022-11-24 13:45:00+00:00,6.94803671189146,17.591283022114926,7.755701469823696,17.00402008981775,2022-11-24,6.875,0.9310702904147061,1.3545932232225908,14.029953556243347
2022-11-24 14:00:00+00:00,6.728961564703207,14.315350419642938,7.685871198042593,16.782632103210954,2022-11-24,6.8,0.9310702904147061,1.3545932232225908,13.765445430493678
2022-11-25 12:15:00+00:00,6.621952928416486,17.06085112950346,7.7083493777293155,16.85470858905284,2022-11-25,6.8,0.9358431681634873,1.344615834217602,13.765445430493678
2022-11-25 12:30:00+00:00,6.797361063226381,17.973175408946393,7.614765060912967,16.550213105349076,2022-11-25,6.7,0.9358431681634873,1.344615834217602,13.402506539043651
2022-11-25 12:45:00+00:00,6.931815350389321,19.426870950678143,7.521180744096618,16.236286721846863,2022-11-25,6.6,0.9358431681634873,1.344615834217602,13.025754267702272
2022-11-25 13:00:00+00:00,6.2085644990821605,14.332233659823885,7.427596427280269,15.916670428975529,2022-11-25,6.5,0.9358431681634873,1.344615834217602,12.640077600766023
2022-11-25 13:15:00+00:00,7.07379375938595,20.83567713818288,7.427596427280269,15.916670428975529,2022-11-25,6.5,0.9358431681634873,1.344615834217602,12.640077600766023
2022-11-25 13:30:00+00:00,6.8956552491103205,17.779955262449956,7.427596427280269,15.916670428975529,2022-11-25,6.5,0.9358431681634873,1.344615834217602,12.640077600766023
2022-11-25 13:45:00+00:00,6.943518464961068,19.32426072438153,7.427596427280269,15.916670428975529,2022-11-25,6.5,0.9358431681634873,1.344615834217602,12.640077600766023
2022-11-25 14:00:00+00:00,7.480920031142253,22.84486165406796,7.427596427280269,15.916670428975529,2022-11-25,6.5,0.9358431681634873,1.344615834217602,12.640077600766023
2022-11-25 14:15:00+00:00,7.323381381381381,21.427863929362697,7.450992506484357,15.996903345782616,2022-11-25,6.525,0.9358431681634873,1.344615834217602,12.737022781909744
2022-11-25 14:30:00+00:00,6.891743854966077,17.825607051160606,7.474388585688444,16.076956002180502,2022-11-25,6.55,0.9358431681634873,1.344615834217602,12.83367645776652
2022-11-25 14:45:00+00:00,6.731550548815714,14.080730069907858,7.4977846648925315,16.15676994519374,2022-11-25,6.575,0.9358431681634873,1.344615834217602,12.929949871857112
2022-12-14 11:00:00+00:00,7.261970172684459,14.300824948130286,7.874517689975142,17.372900674899075,2022-12-14,7.0,0.9320413302253969,1.3502283783973636,14.460801809889174
2022-12-14 11:15:00+00:00,6.955127557160049,14.750199616486162,7.8279156234638725,17.22889906934737,2022-12-14,6.95,0.9320413302253969,1.3502283783973636,14.289657695899194
2023-01-05 11:45:00+00:00,5.843829467303882,24.124599274607775,7.394490623639703,15.802945337410312,2023-01-05,6.4,0.9272976966257517,1.4597853652348909,12.25115695290669
2023-01-05 12:00:00+00:00,4.62689545429255,21.32883649657208,7.394490623639703,15.802945337410312,2023-01-05,6.4,0.9272976966257517,1.4597853652348909,12.25115695290669
2023-01-05 12:15:00+00:00,4.460020031159582,21.96429553498275,7.162666199483263,15.011952408193098,2023-01-05,6.15,0.9272976966257517,1.4597853652348909,11.295876024699064
2023-01-05 12:30:00+00:00,3.2556640507597265,12.316727216568264,6.930841775326826,14.223699130725919,2023-01-05,5.9,0.9272976966257517,1.4597853652348909,10.356254709114502
2023-01-05 12:45:00+00:00,3.259045510181373,12.34308394910376,6.699017351170388,13.398866136948307,2023-01-05,5.65,0.9272976966257517,1.4597853652348909,9.428998176225688
2023-01-05 13:00:00+00:00,3.0776063658115853,10.309577883342383,6.467192927013951,12.512564505378297,2023-01-05,5.4,0.9272976966257517,1.4597853652348909,8.510432929067296
2023-01-05 13:15:00+00:00,2.889343275276835,10.42438730287992,6.304915830104443,11.883528375698619,2023-01-05,5.2250000000000005,0.9272976966257517,1.4597853652348909,7.898337258594523
2023-01-05 13:30:00+00:00,2.8218123052959503,8.600774521061249,6.1426387331949375,11.268068866534797,2023-01-05,5.05,0.9272976966257517,1.4597853652348909,7.323286186119891
2023-01-05 13:45:00+00:00,3.126113022113022,7.5313026067755935,5.98036163628543,10.657020082324944,2023-01-05,4.875,0.9272976966257517,1.4597853652348909,6.767695901826809
2023-01-10 12:45:00+00:00,7.176519971367215,15.167426864431611,6.418895811194894,12.324632474888016,2023-01-10,5.45,0.9306070700585449,1.3470872793758237,8.691408995699454
2023-01-10 13:00:00+00:00,6.505770869250876,13.1153006320644,6.558486871703675,12.866405938730114,2023-01-10,5.6,0.9306070700585449,1.3470872793758237,9.24349708570647
2023-01-10 13:15:00+00:00,6.910166036476869,14.86589554849922,6.558486871703675,12.866405938730114,2023-01-10,5.6,0.9306070700585449,1.3470872793758237,9.24349708570647
2023-01-10 13:30:00+00:00,6.7678180503809156,14.536583444053829,6.558486871703675,12.866405938730114,2023-01-10,5.6,0.9306070700585449,1.3470872793758237,9.24349708570647
2023-01-10 13:45:00+00:00,7.021160698398576,16.285338361570282,6.558486871703675,12.866405938730114,2023-01-10,5.6,0.9306070700585449,1.3470872793758237,9.24349708570647
2023-01-10 14:00:00+00:00,6.63650814839535,13.296513088726291,6.558486871703675,12.866405938730114,2023-01-10,5.6,0.9306070700585449,1.3470872793758237,9.24349708570647
2023-01-10 14:15:00+00:00,6.632822037603847,14.275787022847616,6.39563063444343,12.234177854793309,2023-01-10,5.425,0.9306070700585449,1.3470872793758237,8.600660937672908
2023-01-18 12:00:00+00:00,10.386506640602542,26.125798777717197,10.706697590403646,19.994011669548065,2023-01-18,10.1,0.9219028087205012,1.3954792223265833,19.994011669548065
2023-01-18 12:15:00+00:00,10.689680714817571,28.689663870825544,10.337936466915446,19.994011669548065,2023-01-18,9.7,0.9219028087205012,1.3954792223265833,19.993798510929985
2023-01-18 12:30:00+00:00,11.496040121212122,17.20756312497256,9.969175343427246,19.994011669548065,2023-01-18,9.3,0.9219028087205012,1.3954792223265833,19.97793421442027
2023-01-18 12:45:00+00:00,10.525096423825756,23.67599814671067,9.600414219939045,19.9921365155679,2023-01-18,8.9,0.9219028087205012,1.3954792223265833,19.743859507977813
2023-01-24 08:15:00+00:00,8.342513071895425,19.63678695872979,8.613060119773008,19.348859464958558,2023-01-24,7.8,0.9306330325829028,1.354122465626367,17.142154003639515
2023-01-24 08:30:00+00:00,8.141089675122386,23.418844692251888,8.51999681651472,19.142533433503825,2023-01-24,7.7,0.9306330325829028,1.354122465626367,16.828022177379292
2023-01-24 08:45:00+00:00,8.15728581761531,23.009631121725366,8.426933513256428,18.909465462078906,2023-01-24,7.6,0.9306330325829028,1.354122465626367,16.501214725931288
2023-01-24 09:00:00+00:00,8.327326546506454,23.961153557312528,8.333870209998139,18.664657701223902,2023-01-24,7.5,0.9306330325829028,1.354122465626367,16.164312905185106
2023-01-24 09:15:00+00:00,9.185506788990828,28.53410265046605,8.450199339071,18.969419081699677,2023-01-24,7.625,0.9306330325829028,1.354122465626367,16.58404123019441
2023-02-01 11:45:00+00:00,8.108538500251635,18.197168698824807,11.400264112583082,19.994011669548065,2023-02-01,10.175,1.0368351439662162,0.8504665227268314,19.994011669548065
2023-02-01 12:00:00+00:00,7.591582730610883,20.556357734854792,11.944602563165345,19.994011669548065,2023-02-01,10.7,1.0368351439662162,0.8504665227268314,19.994011669548065
2023-02-01 12:15:00+00:00,7.073593167529071,17.483632314756026,11.503947626979704,19.994011669548065,2023-02-01,10.275,1.0368351439662162,0.8504665227268314,19.994011669548065
2023-02-01 12:30:00+00:00,6.862587397068271,15.319067171505369,11.06329269079406,19.994011669548065,2023-02-01,9.85,1.0368351439662162,0.8504665227268314,19.994011669548065
2023-02-01 12:45:00+00:00,6.973172759138708,16.20043549377021,10.62263775460842,19.994011669548065,2023-02-01,9.425,1.0368351439662162,0.8504665227268314,19.985431879675907
2023-02-01 13:00:00+00:00,5.570876328233657,8.513842645928678,10.181982818422778,19.994011669548065,2023-02-01,9.0,1.0368351439662162,0.8504665227268314,19.842688574982184
2023-02-01 13:15:00+00:00,5.972054383358098,10.54109103782318,9.015543281460785,19.85626749829803,2023-02-01,7.875,1.0368351439662162,0.8504665227268314,17.37438454111476
2023-02-01 13:30:00+00:00,6.022135473515249,9.551052053781875,7.849103744498791,17.29451493810262,2023-02-01,6.75,1.0368351439662162,0.8504665227268314,13.585760896781336
2023-02-01 13:45:00+00:00,6.22232090797819,11.529900380639258,6.6826642075367975,13.338080826288003,2023-02-01,5.625,1.0368351439662162,0.8504665227268314,9.336224841683606
2023-02-01 14:00:00+00:00,5.505990431154381,8.083641510443394,5.516224670574805,8.933868634999516,2023-02-01,4.5,1.0368351439662162,0.8504665227268314,5.543714629067612
2023-02-01 14:15:00+00:00,6.442996995326062,12.95810006659192,5.54214554917396,9.029410403093905,2023-02-01,4.525,1.0368351439662162,0.8504665227268314,5.626428512244545
2023-02-01 14:30:00+00:00,4.358982419049739,3.9234424687075777,5.568066427773116,9.125212476830743,2023-02-01,4.55,1.0368351439662162,0.8504665227268314,5.709651041196828
2023-02-01 14:45:00+00:00,4.768970344405497,5.6280510434232465,5.593987306372271,9.221208749022257,2023-02-01,4.575,1.0368351439662162,0.8504665227268314,5.7931932316848895
2023-02-01 15:00:00+00:00,4.0911030485186775,3.1669297275064405,5.619908184971425,9.317333112480666,2023-02-01,4.6,1.0368351439662162,0.8504665227268314,5.876866099469147
2023-02-21 07:15:00+00:00,8.316917899929528,18.219169250085788,9.213171103365347,19.96873133471658,2023-02-21,8.424999999999999,0.9352919395487387,1.333336512667226,18.904446752169633
2023-02-21 07:30:00+00:00,7.835810644063888,10.502694273831402,8.955965819989448,19.80141128676438,2023-02-21,8.15,0.9352919395487387,1.333336512667226,18.181777572758342
2023-03-03 10:45:00+00:00,3.9525957711442783,2.098326544433665,4.114757956116454,4.473337658902465,2023-03-03,3.0,0.9364249262562172,1.3054831773478017,0.0
2023-03-03 11:00:00+00:00,4.087936266058618,2.6292084429140203,4.302042941367697,4.928783277831378,2023-03-03,3.2,0.9364249262562172,1.3054831773478017,1.2164063442370256
2023-03-03 11:15:00+00:00,4.699250152973243,4.636673350312344,4.606381042400967,5.898221079360203,2023-03-03,3.525,0.9364249262562172,1.3054831773478017,2.8383960297855517
2023-03-03 11:30:00+00:00,6.088638780732006,10.80195179879397,4.910719143434238,6.8805430620242936,2023-03-03,3.85,0.9364249262562172,1.3054831773478017,3.9242812165767407
2023-03-03 11:45:00+00:00,6.840678531701891,15.72423265547831,5.215057244467508,7.864777429128626,2023-03-03,4.175,0.9364249262562172,1.3054831773478017,4.603310738952444
2023-03-03 12:00:00+00:00,6.857936718011455,15.922463032020795,5.519395345500779,8.945539231825178,2023-03-03,4.5,0.9364249262562172,1.3054831773478017,5.543714629067612
2023-03-03 12:15:00+00:00,6.571475,15.863405329588236,5.800322823377645,9.985453565693247,2023-03-03,4.8,0.9364249262562172,1.3054831773478017,6.530310718441107
2023-04-06 10:45:00+00:00,7.964106658330728,19.124135413062955,8.14544624964024,18.169269407576262,2023-04-06,7.325,0.9199280226282239,1.4069734838885004,15.56417380227051
2023-04-06 11:00:00+00:00,9.817000416077224,22.786059024968537,9.134368873965581,19.939017681519736,2023-04-06,8.4,0.9199280226282239,1.4069734838885004,18.839159619372232
2023-04-06 11:15:00+00:00,9.482762929867317,19.39366468925543,9.04237607170276,19.878355181463697,2023-04-06,8.3,0.9199280226282239,1.4069734838885004,18.575580652791707
2023-04-06 11:30:00+00:00,9.174572112174491,20.62742522633096,8.950383269439936,19.79590690010105,2023-04-06,8.2,0.9199280226282239,1.4069734838885004,18.316589662521068
2023-04-06 11:45:00+00:00,9.306170468454434,25.27737781901302,8.858390467177113,19.69817923216149,2023-04-06,8.1,0.9199280226282239,1.4069734838885004,18.04249186351324
2023-04-06 12:00:00+00:00,10.002300414312618,21.892590670295142,8.766397664914292,19.59167857237471,2023-04-06,8.0,0.9199280226282239,1.4069734838885004,17.752594044056405
2023-04-06 12:15:00+00:00,10.007230213026308,22.6763265505631,8.67440486265147,19.462968532657676,2023-04-06,7.9,0.9199280226282239,1.4069734838885004,17.451085119111507
2023-04-06 12:30:00+00:00,8.752237067526977,25.12371816476082,8.582412060388647,19.284787056774324,2023-04-06,7.8,0.9199280226282239,1.4069734838885004,17.142154003639515
2023-04-06 12:45:00+00:00,8.286513351134847,21.50067768534212,8.490419258125824,19.070643898417437,2023-04-06,7.699999999999999,0.9199280226282239,1.4069734838885004,16.82802217737929
2023-04-06 13:00:00+00:00,8.37137002003116,22.690805326986425,8.398426455863001,18.835029434210195,2023-04-06,7.6,0.9199280226282239,1.4069734838885004,16.501214725931288
2023-04-06 13:15:00+00:00,8.365319830847985,23.393215579735703,8.191442650771652,18.2938569245669,2023-04-06,7.375,0.9199280226282239,1.4069734838885004,15.735943899324004
2023-04-06 13:30:00+00:00,8.341037828215399,23.405369176313418,7.984458845680302,17.70639222624292,2023-04-06,7.15,0.9199280226282239,1.4069734838885004,14.969140205637856
2023-04-06 13:45:00+00:00,8.026007119021134,21.5873355127297,7.777475040588951,17.071971944623705,2023-04-06,6.925,0.9199280226282239,1.4069734838885004,14.203538812823728
2023-04-06 14:00:00+00:00,7.386398686992322,16.493651997338045,7.5704912354976015,16.402644097818662,2023-04-06,6.7,0.9199280226282239,1.4069734838885004,13.402506539043651
2023-04-06 14:15:00+00:00,6.035385368567455,10.861281644951044,7.110527224183489,14.83573156535795,2023-04-06,6.2,0.9199280226282239,1.4069734838885004,11.484896004641756
2023-04-06 14:30:00+00:00,5.548107587894972,8.107670704195261,6.650563212869377,13.217724042290728,2023-04-06,5.7,0.9199280226282239,1.4069734838885004,9.61444434557669
2023-04-06 14:45:00+00:00,6.074569483834374,10.743309707695191,6.1905992015552656,11.449339604727989,2023-04-06,5.2,0.9199280226282239,1.4069734838885004,7.81419537215784
2023-04-13 09:30:00+00:00,7.675984239558708,0.2864394035771474,7.691669576554826,16.8012945044852,2023-04-13,6.8,0.9320695884571846,1.3535963750459719,13.765445430493678
2023-04-13 09:45:00+00:00,7.667265008624047,16.10600588995393,7.5984626177091075,16.496099966154894,2023-04-13,6.699999999999999,0.9320695884571846,1.3535963750459719,13.40250653904365
2023-04-13 10:00:00+00:00,8.082251251808167,18.26753390255328,7.50525565886339,16.182196868507997,2023-04-13,6.6,0.9320695884571846,1.3535963750459719,13.025754267702272
2023-04-13 10:15:00+00:00,7.217226420343887,13.71662807644483,7.412048700017672,15.863281130066946,2023-04-13,6.5,0.9320695884571846,1.3535963750459719,12.640077600766023
2023-04-13 10:30:00+00:00,7.227492125984251,14.47565881609252,7.318841741171953,15.54304866935418,2023-04-13,6.4,0.9320695884571846,1.3535963750459719,12.25115695290669
2023-04-13 10:45:00+00:00,6.743254634368248,12.96009545913143,7.225634782326234,15.225110167526843,2023-04-13,6.3,0.9320695884571846,1.3535963750459719,11.864672738796036
2023-04-13 11:00:00+00:00,5.135603939461384,5.225542773177387,7.1324278234805165,14.909754701351847,2023-04-13,6.2,0.9320695884571846,1.3535963750459719,11.484896004641756
2023-04-13 11:15:00+00:00,5.181159675086236,5.453066902267164,7.109126083769087,14.830994680761084,2023-04-13,6.175,0.9320695884571846,1.3535963750459719,11.390356250829404
2023-04-13 11:30:00+00:00,6.5557589449668905,9.293932018656667,7.085824344057656,14.752183981461338,2023-04-13,6.1499999999999995,0.9320695884571846,1.3535963750459719,11.29587602469906
2023-04-13 11:45:00+00:00,7.0827653799087775,11.892028038536823,7.062522604346227,14.67328149490754,2023-04-13,6.125,0.9320695884571846,1.3535963750459719,11.201463994083497
2023-04-13 12:00:00+00:00,6.906424663376592,10.607141262553274,7.039220864634797,14.594246112554593,2023-04-13,6.1,0.9320695884571846,1.3535963750459719,11.10712882681546
2023-04-13 12:15:00+00:00,7.314067008014247,5.222580392513023,6.899410426366219,14.114940928130085,2023-04-13,5.949999999999999,0.9320695884571846,1.3535963750459719,10.543217352140465
2023-04-13 12:30:00+00:00,7.942976736420302,17.114229084867766,6.759599988097642,13.620492141574896,2023-04-13,5.8,0.9320695884571846,1.3535963750459719,9.984257251833878
2023-04-13 12:45:00+00:00,7.144536809815951,7.45007849514965,6.619789549829064,13.1012001610789,2023-04-13,5.6499999999999995,0.9320695884571846,1.3535963750459719,9.428998176225685
2023-04-19 09:15:00+00:00,5.501432291666667,12.824372082122894,6.681818095360286,13.334925668417277,2023-04-19,5.675,0.9309316340195151,1.3987810722995373,9.521757780475712
2023-04-19 09:30:00+00:00,5.635928873835733,14.937801781560555,6.844731131313701,13.923857419263422,2023-04-19,5.8500000000000005,0.9309316340195151,1.3987810722995373,10.169911561458264
2023-04-19 10:00:00+00:00,7.2826093587521665,20.79032536279758,7.170557203220531,15.038630399841328,2023-04-19,6.2,0.9309316340195151,1.3987810722995373,11.484896004641756
2023-04-19 10:15:00+00:00,5.934605924170616,14.024788309877833,7.1472839123700425,14.95996078292842,2023-04-19,6.175,0.9309316340195151,1.3987810722995373,11.390356250829404
2023-04-19 10:30:00+00:00,6.463061340105489,17.708799657126,7.124010621519555,14.8813077641155,2023-04-19,6.1499999999999995,0.9309316340195151,1.3987810722995373,11.29587602469906
2023-04-19 11:45:00+00:00,4.404853054277249,12.208976534424266,6.728364677061261,13.506959215055934,2023-04-19,5.725,0.9309316340195151,1.3987810722995373,9.70699856267161
2023-04-19 12:00:00+00:00,4.895104120267261,14.063597817117984,6.611998222808822,13.071540948707202,2023-04-19,5.6,0.9309316340195151,1.3987810722995373,9.24349708570647
2023-04-19 12:15:00+00:00,5.428734562058021,10.96578285209967,6.6585448045097975,13.247770408485156,2023-04-19,5.6499999999999995,0.9309316340195151,1.3987810722995373,9.428998176225685
2023-04-19 12:30:00+00:00,5.2306475861684945,17.095250151477142,6.705091386210774,13.421345806161662,2023-04-19,5.7,0.9309316340195151,1.3987810722995373,9.61444434557669
2023-04-19 12:45:00+00:00,5.364619318181818,16.944310956296512,6.7516379679117495,13.591694944676522,2023-04-19,5.75,0.9309316340195151,1.3987810722995373,9.799361122903482
2023-04-19 13:00:00+00:00,6.254726017482323,6.719523494945214,6.798184549612725,13.758971730624049,2023-04-19,5.8,0.9309316340195151,1.3987810722995373,9.984257251833878
2023-04-19 13:15:00+00:00,4.990286846412266,8.658918081964941,6.774911258762237,13.675652703894704,2023-04-19,5.7749999999999995,0.9309316340195151,1.3987810722995373,9.891710080865549
2023-04-24 09:30:00+00:00,6.841871524111229,17.12069783097596,7.074851428670521,14.715042318836801,2023-04-24,6.199999999999999,0.9219301702258988,1.3588843732699492,11.484896004641753
2023-04-24 09:45:00+00:00,7.510743979086712,20.874338564416263,7.259237462715701,15.3392797846654,2023-04-24,6.3999999999999995,0.9219301702258988,1.3588843732699492,12.251156952906683
2023-04-24 10:00:00+00:00,7.852786186954346,19.431667984717233,7.443623496760881,15.971649249616027,2023-04-24,6.6,0.9219301702258988,1.3588843732699492,13.025754267702272
2023-04-24 10:15:00+00:00,7.475176594916292,20.134468262419823,7.3514304797382914,15.654932796737695,2023-04-24,6.5,0.9219301702258988,1.3588843732699492,12.640077600766023
2023-04-24 10:30:00+00:00,7.298451415540353,19.118145211555536,7.259237462715702,15.339279784665402,2023-04-24,6.4,0.9219301702258988,1.3588843732699492,12.25115695290669
2023-04-24 10:45:00+00:00,7.983915925266904,21.061081490521016,7.1670444456931115,15.026753708651718,2023-04-24,6.3,0.9219301702258988,1.3588843732699492,11.864672738796036
2023-04-24 11:00:00+00:00,7.1677839070233,16.16869860938481,7.074851428670522,14.715042318836803,2023-04-24,6.2,0.9219301702258988,1.3588843732699492,11.484896004641756
2023-04-24 11:15:00+00:00,7.360251932595518,18.08194245424092,6.959610157392285,14.322658059616774,2023-04-24,6.075,0.9219301702258988,1.3588843732699492,11.012879190727734
2023-04-24 11:30:00+00:00,8.259199466162487,21.838680771568704,6.844368886114047,13.92258260078938,2023-04-24,5.95,0.9219301702258988,1.3588843732699492,10.543217352140466
2023-04-24 11:45:00+00:00,7.45217206094984,15.8491963593365,6.72912761483581,13.509751289373959,2023-04-24,5.825,0.9219301702258988,1.3588843732699492,10.076993967975705
2023-04-24 12:00:00+00:00,8.047158541471886,17.367335009396154,6.6138863435575725,13.078733905676046,2023-04-24,5.7,0.9219301702258988,1.3588843732699492,9.61444434557669
2023-04-24 13:00:00+00:00,8.390656067108857,20.685067905927767,6.152921258444623,11.306912718774397,2023-04-24,5.2,0.9219301702258988,1.3588843732699492,7.81419537215784
2023-04-24 13:15:00+00:00,10.09514490808287,21.535845626111453,7.120947937181817,14.870956368686816,2023-04-24,6.25,0.9219301702258988,1.3588843732699492,11.674119423981402
2023-04-24 13:30:00+00:00,9.828147250180724,21.73258071449358,8.08897461591901,18.011228451831766,2023-04-24,7.3,0.9219301702258988,1.3588843732699492,15.478483490010316
2023-04-24 13:45:00+00:00,10.44906322795341,25.80791230120633,9.057001294656205,19.88962393972643,2023-04-24,8.35,0.9219301702258988,1.3588843732699492,18.70727456456524
2023-04-25 07:15:00+00:00,8.329524119947848,23.92939099640591,8.496454105106519,19.085507787936802,2023-04-25,7.675,0.9305298053694079,1.354637848896314,16.747516273630175
2023-04-27 07:15:00+00:00,9.566835579514825,20.324122068306153,8.63988793315913,19.40124756600507,2023-04-27,7.9,0.9133414327207903,1.424490614664886,17.45108511911151
2023-04-27 07:30:00+00:00,9.200988142292491,20.549275178530312,8.63988793315913,19.40124756600507,2023-04-27,7.9,0.9133414327207903,1.424490614664886,17.45108511911151
2023-04-27 07:45:00+00:00,8.947169653790494,21.747850736744407,8.63988793315913,19.40124756600507,2023-04-27,7.9,0.9133414327207903,1.424490614664886,17.45108511911151
2023-04-27 08:00:00+00:00,8.6021555332888,23.64400636812069,8.63988793315913,19.40124756600507,2023-04-27,7.9,0.9133414327207903,1.424490614664886,17.45108511911151
2023-04-27 08:15:00+00:00,8.928032836153161,23.170286397998108,8.59422086152309,19.3099763589981,2023-04-27,7.85,0.9133414327207903,1.424490614664886,17.297285528006345
2023-04-27 08:30:00+00:00,9.38461547884187,20.9213968290696,8.54855378988705,19.20938462659862,2023-04-27,7.8,0.9133414327207903,1.424490614664886,17.142154003639515
2023-04-27 08:45:00+00:00,9.127857572383071,20.36460423348664,8.50288671825101,19.10124503768172,2023-04-27,7.75,0.9133414327207903,1.424490614664886,16.986214160381156
2023-04-27 09:00:00+00:00,9.105265653698446,21.717629682527967,8.457219646614972,18.987330261122505,2023-04-27,7.7,0.9133414327207903,1.424490614664886,16.828022177379292
2023-04-27 09:15:00+00:00,9.495419028002004,24.260334772853085,8.411552574978932,18.869412965796066,2023-04-27,7.65,0.9133414327207903,1.424490614664886,16.666165518664624
2023-04-27 09:30:00+00:00,8.996983522600758,24.849439386494097,8.365885503342891,18.749265820577506,2023-04-27,7.6,0.9133414327207903,1.424490614664886,16.501214725931288
2023-04-27 09:45:00+00:00,9.077418123121452,26.888681579488477,8.320218431706852,18.628661494341934,2023-04-27,7.55,0.9133414327207903,1.424490614664886,16.3337403408734
2023-04-27 10:00:00+00:00,9.371490671420084,26.939825689272325,8.274551360070813,18.509372655964437,2023-04-27,7.5,0.9133414327207903,1.424490614664886,16.164312905185106
2023-04-27 10:15:00+00:00,9.177609695322232,27.61231718783781,8.251717824252793,18.450775503745938,2023-04-27,7.475,0.9133414327207903,1.424490614664886,16.079045087633965
2023-05-08 08:00:00+00:00,6.1887625,10.504906532877344,6.397007875443237,12.239529201755726,2023-05-08,5.4,0.926598295068835,1.3933770820715283,8.510432929067296
2023-05-08 08:15:00+00:00,5.691713172686293,9.033909524005676,6.48966770495012,12.599946669737392,2023-05-08,5.5,0.926598295068835,1.3933770820715283,8.874228024587367
2023-05-08 08:30:00+00:00,6.688828065880259,13.560720204180948,6.582327534457003,12.958082824258865,2023-05-08,5.6,0.926598295068835,1.3933770820715283,9.24349708570647
2023-05-08 08:45:00+00:00,6.42554087595303,12.26705693938956,6.674987363963888,13.309418538482374,2023-05-08,5.7,0.926598295068835,1.3933770820715283,9.61444434557669
2023-05-08 09:00:00+00:00,6.834359517637777,15.019766960659302,6.767647193470771,13.649518278735439,2023-05-08,5.8,0.926598295068835,1.3933770820715283,9.984257251833878
2023-05-08 12:30:00+00:00,5.887208721174005,8.186551493289391,6.813977108224213,13.815166588537716,2023-05-08,5.8500000000000005,0.926598295068835,1.3933770820715283,10.169911561458264
2023-05-08 12:45:00+00:00,6.671688279857397,11.605730475658534,6.559162577080284,12.869009798514334,2023-05-08,5.575,0.926598295068835,1.3933770820715283,9.150874217151284
2023-05-08 13:00:00+00:00,6.453965514369013,11.972490976252397,6.3043480459363535,11.881349547151645,2023-05-08,5.3,0.926598295068835,1.3933770820715283,8.15590756599419
2023-05-08 13:15:00+00:00,5.521700918964076,7.399013990512559,6.1190283869225865,11.178923356762558,2023-05-08,5.1,0.926598295068835,1.3933770820715283,7.484677325061218
2023-05-08 13:30:00+00:00,5.482456595578818,6.624946519999387,5.93370872790882,10.482236376377422,2023-05-08,4.9,0.926598295068835,1.3933770820715283,6.846674722011245
2023-05-08 13:45:00+00:00,5.269028571428572,4.595832798598106,5.748389068895053,9.79341646449489,2023-05-08,4.7,0.926598295068835,1.3933770820715283,6.20908465877664
2023-05-08 14:00:00+00:00,4.961970496548653,4.480794022521487,5.563069409881286,9.106726631388605,2023-05-08,4.5,0.926598295068835,1.3933770820715283,5.543714629067612
2023-05-08 14:15:00+00:00,4.64241220014471,3.842471324025157,5.563069409881286,9.106726631388605,2023-05-08,4.5,0.926598295068835,1.3933770820715283,5.543714629067612
2023-05-08 14:30:00+00:00,5.14109580634163,5.979828523360722,5.563069409881286,9.106726631388605,2023-05-08,4.5,0.926598295068835,1.3933770820715283,5.543714629067612
2023-05-11 07:15:00+00:00,5.264335935099256,5.233191530235226,6.527786475968439,12.747811770760793,2023-05-11,5.55,0.9296408566308058,1.3682797216674676,9.058415544875034
2023-05-11 07:30:00+00:00,5.035421749777382,4.938345369149042,6.481304433136899,12.567442417692206,2023-05-11,5.5,0.9296408566308058,1.3682797216674676,8.874228024587367
2023-05-11 07:45:00+00:00,6.376707074080258,9.993362808872432,6.434822390305359,12.38660162703796,2023-05-11,5.45,0.9296408566308058,1.3682797216674676,8.691408995699454
2023-05-11 08:00:00+00:00,6.3281163065379,9.954158180251303,6.388340347473819,12.20585987254107,2023-05-11,5.4,0.9296408566308058,1.3682797216674676,8.510432929067296
2023-05-17 13:45:00+00:00,11.764030130442771,20.748976075369104,10.125404647929475,19.994011669548065,2023-05-17,9.475,0.9206061585592713,1.4026612955803792,19.987813266395097
2023-05-17 14:00:00+00:00,11.158712911737169,22.01174265521576,10.240480417749383,19.994011669548065,2023-05-17,9.6,0.9206061585592713,1.4026612955803792,19.99212625290023
2023-06-02 14:45:00+00:00,6.97119489981785,1.397257459809954,7.781837915486487,17.085576115176284,2023-06-02,6.9,0.9321017783483775,1.350335644882682,14.116987688823016
2023-06-02 15:00:00+00:00,6.966218338023997,12.594492699896117,7.781837915486487,17.085576115176284,2023-06-02,6.9,0.9321017783483775,1.350335644882682,14.116987688823016
2023-06-09 06:30:00+00:00,7.26279636800641,5.438914278082788,7.9718015892560965,17.668567549890465,2023-06-09,7.1000000000000005,0.9326815148984519,1.3497628334770873,14.800136923528916
2023-06-09 06:45:00+00:00,6.93594533762058,9.938687035064309,7.785265286276406,17.096259944784727,2023-06-09,6.9,0.9326815148984519,1.3497628334770873,14.116987688823016
2023-06-09 07:30:00+00:00,6.631036109773712,2.5639678795754306,7.272290453082256,15.383771711842034,2023-06-09,6.35,0.9326815148984519,1.3497628334770873,12.05725526571579
2023-06-09 07:45:00+00:00,6.858400587106243,15.80331573305578,7.109071187975028,14.830809088950653,2023-06-09,6.175,0.9326815148984519,1.3497628334770873,11.390356250829404
2023-06-09 08:00:00+00:00,6.916345498783455,19.074693813231143,6.945851922867798,14.275396346929913,2023-06-09,6.0,0.9326815148984519,1.3497628334770873,10.730730147874036
2023-06-22 09:45:00+00:00,6.87316250905022,13.842955793973736,7.1808659304627005,15.073492471372115,2023-06-22,6.25,0.9307965516822386,1.363387482448709,11.674119423981402
2023-06-22 10:00:00+00:00,6.325403514625737,12.213202897336227,7.041246447710364,14.6011228467519,2023-06-22,6.1,0.9307965516822386,1.363387482448709,11.10712882681546
2023-06-22 10:15:00+00:00,5.79138230551076,9.115125009053884,6.878357051165972,14.041670587828278,2023-06-22,5.925,0.9307965516822386,1.363387482448709,10.44966292762265
2023-06-22 10:30:00+00:00,5.997231907437281,10.32378738562491,6.715467654621581,13.459619993838244,2023-06-22,5.75,0.9307965516822386,1.363387482448709,9.799361122903482
2023-06-22 10:45:00+00:00,6.018595355509729,10.006167144736034,6.552578258077189,12.843624261474563,2023-06-22,5.575,0.9307965516822386,1.363387482448709,9.150874217151284
2023-08-02 07:00:00+00:00,4.5799069664903005,3.263982678464698,5.863803059172476,10.221287786027798,2023-08-02,4.8,0.9178879309620765,1.4579409905545089,6.530310718441107
2023-08-02 07:15:00+00:00,4.753370564022695,4.826651632228001,5.794961464350321,9.965589632658014,2023-08-02,4.725,0.9178879309620765,1.4579409905545089,6.290576149448241
2023-08-02 07:30:00+00:00,5.3851941595441595,7.168579276518947,5.726119869528164,9.711140465567807,2023-08-02,4.6499999999999995,0.9178879309620765,1.4579409905545089,6.0438479299679555
2023-08-02 07:45:00+00:00,4.529256618464961,4.223275290562681,5.657278274706009,9.456007422127726,2023-08-02,4.575,0.9178879309620765,1.4579409905545089,5.7931932316848895
2023-08-02 08:00:00+00:00,4.580674086027488,4.265578931786489,5.588436679883854,9.200639339311412,2023-08-02,4.5,0.9178879309620765,1.4579409905545089,5.543714629067612
2023-08-02 08:15:00+00:00,4.29114829447443,3.593347444896222,5.496647886787645,8.86192334724641,2023-08-02,4.3999999999999995,0.9178879309620765,1.4579409905545089,5.221725238904944
2023-08-02 08:30:00+00:00,4.089578010238148,2.7546863404966615,5.404859093691438,8.527926471795592,2023-08-02,4.3,0.9178879309620765,1.4579409905545089,4.922992920314061
2023-08-02 08:45:00+00:00,4.015506649602137,2.8041337167838742,5.31307030059523,8.20158412118418,2023-08-02,4.199999999999999,0.9178879309620765,1.4579409905545089,4.661178400640248
2023-08-02 09:00:00+00:00,4.04376804496633,2.9062722929809675,5.221281507499022,7.88577108860788,2023-08-02,4.1,0.9178879309620765,1.4579409905545089,4.443036536772079
